customer_id,first_name,last_name,phone,email,street,city,state,zip_code
259,Johnathan,Velazquez,NULL,johnathan.velazquez@hotmail.com,"9680 E. Somerset Street ",Pleasanton,CA,94566
1212,Jaqueline,Cummings,NULL,jaqueline.cummings@hotmail.com,"478 Wrangler St. ","Huntington Station",NY,11746
523,Joshua,Robertson,NULL,joshua.robertson@gmail.com,"81 Campfire Court ",Patchogue,NY,11772
175,Nova,Hess,NULL,nova.hess@msn.com,"773 South Lafayette St. ",Duarte,CA,91010
1324,Arla,Ellis,NULL,arla.ellis@yahoo.com,"127 Crescent Ave. ",Utica,NY,13501
94,Sharyn,Hopkins,NULL,sharyn.hopkins@hotmail.com,"4 South Temple Ave. ",Baldwinsville,NY,13027
324,Laureen,Paul,NULL,laureen.paul@yahoo.com,"617 Squaw Creek Rd. ",Bellmore,NY,11710
1204,Leslie,Higgins,NULL,leslie.higgins@hotmail.com,"805 Logan Ave. ","Saratoga Springs",NY,12866
60,Neil,Mccall,NULL,neil.mccall@gmail.com,"7476 Oakland Dr. ","San Carlos",CA,94070
442,Alane,Munoz,"(914) 706-7576",alane.munoz@gmail.com,"8 Strawberry Dr. ",Yonkers,NY,10701
1326,Tarra,Guerrero,NULL,tarra.guerrero@aol.com,"10 Baker St. ",Auburn,NY,13021
91,Marvin,Mullins,"(619) 635-2027",marvin.mullins@aol.com,"7489 Redwood Drive ","San Diego",CA,92111
873,Patience,Clayton,NULL,patience.clayton@hotmail.com,"68 Chestnut Dr. ","Niagara Falls",NY,14304
258,Maribel,William,NULL,maribel.william@aol.com,"65 Magnolia Ave. ",Torrance,CA,90505
450,Ellsworth,Michael,NULL,ellsworth.michael@yahoo.com,"9982 White St. ",Carmel,NY,10512
552,Lea,Key,NULL,lea.key@yahoo.com,"7 Ocean St. ",Banning,CA,92220
1175,Sindy,Anderson,NULL,sindy.anderson@gmail.com,"543 Halifax Ave. ",Pomona,CA,91768
541,Lanita,Burton,NULL,lanita.burton@msn.com,"8980 Aspen Avenue ",Coachella,CA,92236
696,Norine,Huffman,NULL,norine.huffman@aol.com,"363 Dunbar Drive ",Encino,CA,91316
923,Randee,Pitts,NULL,randee.pitts@msn.com,"7371B Essex Street ","Canyon Country",CA,91387
1250,Neoma,Daugherty,NULL,neoma.daugherty@gmail.com,"80 Spring Street ","Mount Vernon",NY,10550
1035,Tangela,Hurley,NULL,tangela.hurley@msn.com,"49 North Cross St. ",Campbell,CA,95008
1149,Drucilla,Gilliam,NULL,drucilla.gilliam@hotmail.com,"8257 E. Westminster Ave. ","Santa Clara",CA,95050
636,Ashton,Lott,NULL,ashton.lott@hotmail.com,"609 Windfall Lane ","Floral Park",NY,11001
657,Sam,Lester,NULL,sam.lester@gmail.com,"563 South Beacon Lane ",Baldwin,NY,11510
1280,Jackeline,Colon,NULL,jackeline.colon@msn.com,"9916 Cedarwood Drive ","Wappingers Falls",NY,12590
57,Pamala,Henry,NULL,pamala.henry@aol.com,"197 Bridgeton Ave. ",Bronx,NY,10451
252,Eleni,Gordon,NULL,eleni.gordon@hotmail.com,"583 W. San Carlos Street ","Richmond Hill",NY,11418
437,Laureen,Barry,NULL,laureen.barry@yahoo.com,"909 Ridge St. ","Orchard Park",NY,14127
1348,Yvone,Guerrero,NULL,yvone.guerrero@aol.com,"8548 Jackson Ave. ",Merrick,NY,11566
1238,Edgar,Quinn,NULL,edgar.quinn@aol.com,"556 Dogwood Ave. ",Harlingen,TX,78552
1259,Kimbery,Nieves,NULL,kimbery.nieves@msn.com,"768 Roehampton St. ","San Carlos",CA,94070
236,Verona,O'neill,NULL,verona.o'neill@hotmail.com,"8279 W. Sussex St. ",Selden,NY,11784
80,Sarai,Mckee,"(716) 912-8110",sarai.mckee@msn.com,"641 Glenwood Avenue ",Buffalo,NY,14215
813,Neville,Mcclain,NULL,neville.mcclain@yahoo.com,"781 Buttonwood Ave. ","West Hempstead",NY,11552
1321,Shantel,Gregory,NULL,shantel.gregory@yahoo.com,"7722 Second Lane ","West Islip",NY,11795
164,Tomika,Larson,NULL,tomika.larson@yahoo.com,"254 Canal St. ",Woodside,NY,11377
583,Lashandra,Turner,"(562) 327-9469",lashandra.turner@hotmail.com,"11 Marlborough Rd. ","Long Beach",NY,11561
1296,Travis,Whitley,NULL,travis.whitley@aol.com,"60 Euclid Ave. ","Saint Albans",NY,11412
348,Darren,Witt,NULL,darren.witt@aol.com,"916 Hillcrest Ave. ",Coachella,CA,92236
979,Ingeborg,Ellison,NULL,ingeborg.ellison@yahoo.com,"360 Trusel St. ",Ithaca,NY,14850
1095,Corene,Swanson,NULL,corene.swanson@aol.com,"597 Lakeshore Lane ","Rego Park",NY,11374
1434,Elana,Miles,NULL,elana.miles@yahoo.com,"7077 Euclid Ave. ",Liverpool,NY,13090
861,Olympia,Figueroa,NULL,olympia.figueroa@hotmail.com,"587 Surrey St. ","Hopewell Junction",NY,12533
1220,Carissa,Cross,NULL,carissa.cross@yahoo.com,"9335 West Main Dr. ","Huntington Station",NY,11746
746,Eldridge,Greer,NULL,eldridge.greer@aol.com,"131 E. Madison St. ","Central Islip",NY,11722
1234,Joshua,Berg,NULL,joshua.berg@hotmail.com,"16 East St. ",Ossining,NY,10562
1012,Josephine,Dale,NULL,josephine.dale@aol.com,"8214 West Drive ",Baldwinsville,NY,13027
608,Taisha,Vang,NULL,taisha.vang@yahoo.com,"660 East Foster Lane ",Shirley,NY,11967
872,Silas,Tate,"(361) 219-2149",silas.tate@yahoo.com,"9754 53rd Court ","Corpus Christi",TX,78418
1047,Jamaal,Baker,NULL,jamaal.baker@hotmail.com,"186 Big Rock Cove Ave. ",Elmhurst,NY,11373
767,Twana,Arnold,"(657) 988-1904",twana.arnold@msn.com,"47 North Fairground Lane ",Anaheim,CA,92806
965,Margit,Osborn,NULL,margit.osborn@yahoo.com,"909 Gulf Drive ",Plainview,NY,11803
535,Inge,Olsen,"(562) 719-5041",inge.olsen@msn.com,"295 Iroquois Rd. ","Long Beach",NY,11561
1173,Chanel,May,NULL,chanel.may@msn.com,"806 Saxton Court ","Garden City",NY,11530
1241,Nathaniel,Davidson,NULL,nathaniel.davidson@hotmail.com,"7476 Henry Smith Street ",Rome,NY,13440
1305,Dalia,Carson,"(507) 186-2004",dalia.carson@aol.com,"7175 Galvin St. ",Rochester,NY,14606
504,Tiana,Henderson,NULL,tiana.henderson@aol.com,"62 Orange St. ","Franklin Square",NY,11010
563,Rodney,Odom,NULL,rodney.odom@yahoo.com,"7782 North Deerfield Lane ","Richmond Hill",NY,11418
151,Joesph,Delacruz,NULL,joesph.delacruz@aol.com,"184 Cypress Street ",Atwater,CA,95301
277,Mark,Garrett,NULL,mark.garrett@msn.com,"285 Rosewood Dr. ",Monroe,NY,10950
208,Denis,Logan,NULL,denis.logan@msn.com,"121 Rockcrest Street ",Ridgecrest,CA,93555
1075,Dann,Huff,NULL,dann.huff@gmail.com,"475 S. Rockville St. ","Huntington Station",NY,11746
1185,Corine,Stuart,NULL,corine.stuart@msn.com,"5 Penn Street ","Clifton Park",NY,12065
996,Serafina,Clemons,NULL,serafina.clemons@gmail.com,"851 Brown Ave. ",Shirley,NY,11967
1253,Susannah,Fields,NULL,susannah.fields@hotmail.com,"17 Railroad Street ","Far Rockaway",NY,11691
526,Lazaro,Moran,NULL,lazaro.moran@gmail.com,"83 E. Buttonwood Street ","Sugar Land",TX,77478
381,Kristen,Alvarez,NULL,kristen.alvarez@aol.com,"9778 North River St. ",Bronx,NY,10451
1413,Ophelia,Decker,NULL,ophelia.decker@yahoo.com,"69 Rockwell Court ","New Windsor",NY,12553
50,Cleotilde,Booth,NULL,cleotilde.booth@gmail.com,"17 Corona St. ","Sugar Land",TX,77478
797,Cathey,Lamb,NULL,cathey.lamb@msn.com,"9621 Ryan Drive ",Bayside,NY,11361
1386,Cesar,Wilkins,"(619) 685-5786",cesar.wilkins@hotmail.com,"7 Inverness St. ","San Diego",CA,92111
612,Gabriel,Wagner,NULL,gabriel.wagner@msn.com,"7921 Manhattan Ave. ","Ballston Spa",NY,12020
264,Mariela,Huffman,NULL,mariela.huffman@gmail.com,"531 Fieldstone Road ","Garden City",NY,11530
587,Euna,Lopez,NULL,euna.lopez@gmail.com,"7979 South Mountainview Ave. ",Carmel,NY,10512
9,Genoveva,Baldwin,NULL,genoveva.baldwin@msn.com,"8550 Spruce Drive ","Port Washington",NY,11050
385,Rochelle,Ward,NULL,rochelle.ward@yahoo.com,"7855 La Sierra Street ",Glendora,CA,91740
1182,Trinidad,Chapman,NULL,trinidad.chapman@aol.com,"7371 Glen Eagles Street ",Ronkonkoma,NY,11779
529,Ellena,Clements,NULL,ellena.clements@aol.com,"7918 Mulberry Street ","Santa Monica",CA,90403
397,Jeannie,Wilcox,NULL,jeannie.wilcox@yahoo.com,"7744 Miles Dr. ","Franklin Square",NY,11010
521,Max,Charles,NULL,max.charles@gmail.com,"695 St Paul Street ","Glen Cove",NY,11542
1223,Bronwyn,Vargas,NULL,bronwyn.vargas@msn.com,"35 James Street ","New Windsor",NY,12553
393,Gertrude,Terry,NULL,gertrude.terry@hotmail.com,"34 Airport Dr. ",Upland,CA,91784
317,Christia,Wilkins,NULL,christia.wilkins@msn.com,"7062 Willow Court ",Woodside,NY,11377
1174,Aaron,Knapp,"(914) 402-4335",aaron.knapp@yahoo.com,"807 Grandrose Ave. ",Yonkers,NY,10701
276,Lavette,Wright,NULL,lavette.wright@msn.com,"6 Windsor Street ",Ronkonkoma,NY,11779
516,Rosa,Kinney,NULL,rosa.kinney@yahoo.com,"330 Highland Drive ",Brooklyn,NY,11201
1069,Rodolfo,Buck,NULL,rodolfo.buck@gmail.com,"8359 Brewery Street ",Shirley,NY,11967
668,Calandra,Stanton,NULL,calandra.stanton@aol.com,"36 Livingston Dr. ","Lake Jackson",TX,77566
414,Romaine,Haley,NULL,romaine.haley@aol.com,"737 Edgefield Drive ",Ithaca,NY,14850
648,Catrice,Hicks,NULL,catrice.hicks@yahoo.com,"403 Inverness Street ","San Pablo",CA,94806
1309,Kimberli,Cline,NULL,kimberli.cline@yahoo.com,"7115 Stonybrook Court ",Centereach,NY,11720
1328,Cindie,Franklin,NULL,cindie.franklin@yahoo.com,"7249 Franklin St. ",Lawndale,CA,90260
929,Thurman,Ellis,NULL,thurman.ellis@gmail.com,"20 Augusta Road ",Pleasanton,CA,94566
218,Casey,Gill,NULL,casey.gill@gmail.com,"636 Prospect Avenue ","Port Washington",NY,11050
1094,Keitha,Black,NULL,keitha.black@yahoo.com,"7670 Hilldale Ave. ",Lindenhurst,NY,11757
204,Alpha,King,NULL,alpha.king@hotmail.com,"14 Henry Smith St. ","Rockville Centre",NY,11570
1194,Leticia,Snyder,NULL,leticia.snyder@yahoo.com,"173 Lyme Dr. ",Pittsford,NY,14534
1165,Rikki,Morrow,"(682) 936-1482",rikki.morrow@hotmail.com,"7096 Plumb Branch Road ","Fort Worth",TX,76110
1237,Luke,Kramer,NULL,luke.kramer@hotmail.com,"7955 Delaware Drive ",Bethpage,NY,11714
271,Katheleen,Marks,NULL,katheleen.marks@yahoo.com,"69 North Tower St. ",Longview,TX,75604
336,Trisha,Johnson,"(717) 126-8787",trisha.johnson@msn.com,"59 Wild Horse St. ",Lancaster,NY,14086
991,Brigida,Larson,NULL,brigida.larson@hotmail.com,"8789 Sycamore Lane ","Canyon Country",CA,91387
7,Latasha,Hays,"(716) 986-3359",latasha.hays@hotmail.com,"7014 Manor Station Rd. ",Buffalo,NY,14215
306,Vikki,Erickson,NULL,vikki.erickson@yahoo.com,"24 Jones Street ",Kingston,NY,12401
422,Valery,Saunders,NULL,valery.saunders@msn.com,"42 Marlborough St. ",Victoria,TX,77904
633,Kiara,Deleon,"(657) 378-8011",kiara.deleon@gmail.com,"164 Addison Drive ",Anaheim,CA,92806
12,Robby,Sykes,"(516) 583-7761",robby.sykes@hotmail.com,"486 Rock Maple Street ",Hempstead,NY,11550
1255,Ben,Stone,NULL,ben.stone@gmail.com,"8855 University St. ",Ithaca,NY,14850
677,Launa,Hull,NULL,launa.hull@yahoo.com,"936 Grove Street ",Helotes,TX,78023
630,Zulema,Browning,NULL,zulema.browning@gmail.com,"12 NW. Lafayette St. ",Amsterdam,NY,12010
469,Micki,Rutledge,NULL,micki.rutledge@aol.com,"9868 Marvon Street ","Richmond Hill",NY,11418
1078,Theresia,Barron,NULL,theresia.barron@aol.com,"951 Wild Rose Street ","Forest Hills",NY,11375
1431,Mark,Benton,NULL,mark.benton@aol.com,"83 Eagle St. ","East Elmhurst",NY,11369
1369,Starr,Schneider,NULL,starr.schneider@aol.com,"77 Mulberry Street ",Shirley,NY,11967
471,Burma,Summers,NULL,burma.summers@yahoo.com,"890 East Elmwood Street ",Freeport,NY,11520
740,Gwenn,Melton,NULL,gwenn.melton@yahoo.com,"9545 Wakehurst Drive ",Centereach,NY,11720
577,Danille,Mcfarland,NULL,danille.mcfarland@msn.com,"14 Tailwater St. ",Rocklin,CA,95677
925,Bryce,Monroe,NULL,bryce.monroe@aol.com,"52 Cooper Lane ",Kingston,NY,12401
327,Sharie,Alvarez,"(212) 211-7621",sharie.alvarez@msn.com,"987 West Leatherwood Dr. ","New York",NY,10002
755,Tomika,Wilder,NULL,tomika.wilder@aol.com,"142 South Ocean St. ","New Hyde Park",NY,11040
786,Wallace,Lane,NULL,wallace.lane@aol.com,"901 Liberty St. ","South Richmond Hill",NY,11419
766,Lecia,Hancock,NULL,lecia.hancock@hotmail.com,"9167 Pineknoll St. ",Schenectady,NY,12302
403,Elouise,Fry,NULL,elouise.fry@aol.com,"49 Bohemia Street ","Canyon Country",CA,91387
685,Laverne,Craft,NULL,laverne.craft@aol.com,"829 N. Pierce Street ","Forest Hills",NY,11375
1365,Shenna,Espinoza,NULL,shenna.espinoza@gmail.com,"202 North George Street ",Queensbury,NY,12804
484,Chelsey,Boyd,NULL,chelsey.boyd@yahoo.com,"9569 Birchpond Ave. ",Euless,TX,76039
86,Lissa,Vargas,NULL,lissa.vargas@yahoo.com,"517 Victoria Ave. ",Oswego,NY,13126
84,Armand,Whitehead,NULL,armand.whitehead@hotmail.com,"639 Harvey St. ",Lindenhurst,NY,11757
1049,Marcelino,Mcbride,NULL,marcelino.mcbride@hotmail.com,"29 Oxford Ave. ","Clifton Park",NY,12065
316,Hortencia,Graham,NULL,hortencia.graham@aol.com,"7764 Greenrose Street ",Euless,TX,76039
46,Monika,Berg,NULL,monika.berg@gmail.com,"369 Vernon Dr. ",Encino,CA,91316
409,Jerome,Bolton,NULL,jerome.bolton@msn.com,"9921 Argyle Street ",Carmel,NY,10512
679,Tuan,Wolfe,NULL,tuan.wolfe@aol.com,"7641 Oak Meadow Dr. ","West Babylon",NY,11704
1354,Alexandria,Zamora,NULL,alexandria.zamora@yahoo.com,"95 Cherry Circle ",Schenectady,NY,12302
1192,Gena,Owens,NULL,gena.owens@gmail.com,"43 Buckingham St. ",Desoto,TX,75115
370,Jina,Cooper,NULL,jina.cooper@aol.com,"8947 W. Lexington Rd. ","Howard Beach",NY,11414
438,Katharine,Herrera,NULL,katharine.herrera@hotmail.com,"395 SE. Branch St. ",Queensbury,NY,12804
710,Ezra,Silva,NULL,ezra.silva@msn.com,"8629 Catherine Rd. ","New Windsor",NY,12553
1264,Devin,Velazquez,"(631) 254-8497",devin.velazquez@aol.com,"61 Redwood St. ",Brentwood,NY,11717
557,Erlene,Cook,NULL,erlene.cook@gmail.com,"89 Blue Spring Street ","Mount Vernon",NY,10550
170,Regine,Gonzales,"(805) 763-4045",regine.gonzales@gmail.com,"798 Court Drive ",Oxnard,CA,93035
693,Merlin,Foreman,"(516) 150-1321",merlin.foreman@msn.com,"8198 North Rockaway St. ",Hempstead,NY,11550
1124,Hubert,Reilly,NULL,hubert.reilly@hotmail.com,"9004 N. Lake Rd. ",Amityville,NY,11701
366,Lavonne,Anderson,NULL,lavonne.anderson@aol.com,"9420 Wintergreen Court ","Floral Park",NY,11001
288,Keturah,Massey,NULL,keturah.massey@msn.com,"189 Arnold Drive ",Banning,CA,92220
55,Diana,Guerra,NULL,diana.guerra@hotmail.com,"45 Chapel Ave. ",Merrick,NY,11566
714,Senaida,Thompson,NULL,senaida.thompson@msn.com,"578 Golf Drive ",Bronx,NY,10451
763,Han,Schneider,NULL,han.schneider@gmail.com,"40 Holly Street ",Elmhurst,NY,11373
332,Reena,Higgins,NULL,reena.higgins@gmail.com,"900 South Columbia Street ","Canyon Country",CA,91387
926,Katina,Mcintosh,"(661) 464-1523",katina.mcintosh@yahoo.com,"263 Swanson Dr. ",Bakersfield,CA,93306
76,Parker,Prince,NULL,parker.prince@hotmail.com,"21 Sulphur Springs Drive ","Port Jefferson Station",NY,11776
498,Edda,Young,NULL,edda.young@gmail.com,"50 S. Airport Street ","North Tonawanda",NY,14120
1286,Dione,Pratt,NULL,dione.pratt@msn.com,"864 Winding Way St. ",Pleasanton,CA,94566
371,Loni,Duncan,NULL,loni.duncan@gmail.com,"80 Saxton Lane ",Rosedale,NY,11422
357,Sheri,Cole,"(408) 658-2285",sheri.cole@aol.com,"479 Chapel Court ","San Jose",CA,95127
43,Mozelle,Carter,"(281) 489-9656",mozelle.carter@aol.com,"895 Chestnut Ave. ",Houston,TX,77016
117,Dacia,William,NULL,dacia.william@msn.com,"62 Cypress Drive ","Sugar Land",TX,77478
32,Araceli,Golden,NULL,araceli.golden@msn.com,"12 Ridgeview Ave. ",Fullerton,CA,92831
205,Harris,Pittman,NULL,harris.pittman@yahoo.com,"404 Cherry Hill Road ",Jamaica,NY,11432
251,Kasie,Rodriquez,NULL,kasie.rodriquez@aol.com,"7 North Beech St. ","Ballston Spa",NY,12020
31,Williemae,Holloway,"(510) 246-8375",williemae.holloway@msn.com,"69 Cypress St. ",Oakland,CA,94603
1325,Magdalena,Sherman,NULL,magdalena.sherman@gmail.com,"176 Sunbeam St. ",Oswego,NY,13126
610,Leonore,Dorsey,NULL,leonore.dorsey@yahoo.com,"8213 South Branch Avenue ","Jackson Heights",NY,11372
574,Adriene,Rivera,NULL,adriene.rivera@hotmail.com,"973 Yukon Avenue ",Encino,CA,91316
338,Abbey,Pugh,NULL,abbey.pugh@gmail.com,"26 Market Drive ","Forest Hills",NY,11375
1034,Rico,Salas,NULL,rico.salas@msn.com,"8041 Walt Whitman St. ",Centereach,NY,11720
1147,Kandace,Ayers,NULL,kandace.ayers@gmail.com,"9005 Lookout Lane ","Santa Monica",CA,90403
99,Carie,Kidd,NULL,carie.kidd@yahoo.com,"6 East Clinton Street ",Monroe,NY,10950
1200,Aubrey,Durham,NULL,aubrey.durham@aol.com,"14 Foster Ave. ","Port Washington",NY,11050
237,Elvera,Peck,NULL,elvera.peck@yahoo.com,"759 Lakewood Street ",Banning,CA,92220
1079,Cindi,Ellis,NULL,cindi.ellis@yahoo.com,"6 Cypress Lane ","Floral Park",NY,11001
1361,Destiny,Goodman,NULL,destiny.goodman@msn.com,"29 Smoky Hollow St. ",Westbury,NY,11590
951,Steve,Bender,NULL,steve.bender@gmail.com,"908 N. Pennington Dr. ",Scarsdale,NY,10583
643,Melba,Wilkinson,NULL,melba.wilkinson@gmail.com,"255 Harvard Dr. ","Floral Park",NY,11001
121,Lucy,Woods,NULL,lucy.woods@gmail.com,"8437 West Rockaway St. ","Palos Verdes Peninsula",CA,90274
756,Graig,Roth,NULL,graig.roth@aol.com,"7516 Wrangler Street ","West Babylon",NY,11704
616,Shery,Acosta,NULL,shery.acosta@yahoo.com,"17 Canal Ave. ","Saratoga Springs",NY,12866
918,Kristel,Bullock,NULL,kristel.bullock@yahoo.com,"7292 Armstrong Drive ",Smithtown,NY,11787
459,Latosha,Dalton,"(661) 529-4501",latosha.dalton@yahoo.com,"59 E. Wintergreen Ave. ",Bakersfield,CA,93306
854,Phylis,Adkins,"(212) 325-9145",phylis.adkins@msn.com,"7781 James Ave. ","New York",NY,10002
22,Adelle,Larsen,NULL,adelle.larsen@gmail.com,"683 West Kirkland Dr. ","East Northport",NY,11731
134,Brianna,Moss,"(516) 156-8031",brianna.moss@msn.com,"4 Longfellow St. ",Hempstead,NY,11550
24,Corene,Wall,NULL,corene.wall@msn.com,"9601 Ocean Rd. ",Atwater,CA,95301
1127,Waldo,Hart,NULL,waldo.hart@yahoo.com,"9782 Pineknoll Lane ",Queensbury,NY,12804
183,Jeniffer,Ratliff,NULL,jeniffer.ratliff@gmail.com,"510 Rocky River Court ","Floral Park",NY,11001
390,Lorrie,Pollard,NULL,lorrie.pollard@yahoo.com,"7834 Shore Ave. ",Ronkonkoma,NY,11779
1288,Allie,Conley,NULL,allie.conley@msn.com,"96 High Point Road ",Lawndale,CA,90260
98,Violet,Valenzuela,NULL,violet.valenzuela@msn.com,"8668 Piper Street ",Plattsburgh,NY,12901
919,Ruthanne,Hoover,NULL,ruthanne.hoover@aol.com,"835 Paris Hill Road ",Torrance,CA,90505
728,Viva,Dawson,NULL,viva.dawson@yahoo.com,"446 Princess Ave. ","Orchard Park",NY,14127
1366,Trena,Rogers,NULL,trena.rogers@aol.com,"502 Sherwood St. ",Campbell,CA,95008
558,Carroll,Kelly,NULL,carroll.kelly@yahoo.com,"346 Grant Circle ",Monroe,NY,10950
727,Kasha,Sullivan,NULL,kasha.sullivan@hotmail.com,"48 Foster Rd. ",Scarsdale,NY,10583
1247,Tammie,Cherry,NULL,tammie.cherry@hotmail.com,"791 Wakehurst Dr. ",Massapequa,NY,11758
127,Erlinda,Nielsen,NULL,erlinda.nielsen@aol.com,"728 Oxford Lane ",Maspeth,NY,11378
640,Allison,Nolan,"(845) 276-5729",allison.nolan@gmail.com,"7421 Victoria St. ","New City",NY,10956
760,Marisa,Chambers,NULL,marisa.chambers@msn.com,"15 E. Rock Creek Ave. ",Amityville,NY,11701
1074,Lanelle,Guerra,NULL,lanelle.guerra@yahoo.com,"989 Wrangler St. ","Floral Park",NY,11001
280,Brenda,Tate,NULL,brenda.tate@msn.com,"36 Hilltop Street ","San Angelo",TX,76901
600,Joi,Reeves,"(619) 952-9613",joi.reeves@msn.com,"9101 Williams Court ","San Diego",CA,92111
1102,Henrietta,Wagner,"(682) 143-2224",henrietta.wagner@hotmail.com,"54 Brickyard St. ","Fort Worth",TX,76110
591,Danilo,Holmes,NULL,danilo.holmes@gmail.com,"657 Manor Station Dr. ",Hicksville,NY,11801
635,Myrtie,James,NULL,myrtie.james@yahoo.com,"566 North Livingston Ave. ",Merrick,NY,11566
743,Tania,Swanson,NULL,tania.swanson@yahoo.com,"8646 Glen Eagles Ave. ",Longview,TX,75604
105,Marget,Hodge,NULL,marget.hodge@msn.com,"7199 Selby Lane ",Woodhaven,NY,11421
815,Leanna,Manning,NULL,leanna.manning@yahoo.com,"39 E. Stillwater Ave. ",Hicksville,NY,11801
514,Clarita,Curry,NULL,clarita.curry@hotmail.com,"661 Tanglewood Street ",Hollis,NY,11423
943,Lynn,Mcmahon,NULL,lynn.mcmahon@msn.com,"9 Surrey St. ",Scarsdale,NY,10583
1140,Penney,Hall,NULL,penney.hall@msn.com,"8306 Jockey Hollow Street ",Liverpool,NY,13090
1373,Lanora,Robbins,NULL,lanora.robbins@hotmail.com,"31 W. Maiden Lane ","West Babylon",NY,11704
788,Lilliam,Nolan,NULL,lilliam.nolan@msn.com,"8976 Berkshire Court ","Copperas Cove",TX,76522
363,Kaci,Gallegos,NULL,kaci.gallegos@gmail.com,"8573 Halifax St. ","Ballston Spa",NY,12020
1420,Kelsey,Noble,NULL,kelsey.noble@hotmail.com,"36 Pearl Court ","Mount Vernon",NY,10550
267,Angelina,Lloyd,NULL,angelina.lloyd@yahoo.com,"9593 North Sherman Dr. ","Apple Valley",CA,92307
716,Sebrina,Hart,NULL,sebrina.hart@yahoo.com,"7679 Pacific St. ",Coram,NY,11727
1179,Vernetta,Banks,NULL,vernetta.banks@aol.com,"7633 Albany St. ",Brooklyn,NY,11201
1338,Inez,Snider,NULL,inez.snider@gmail.com,"837 Catherine Lane ",Ronkonkoma,NY,11779
1358,Noble,Glover,NULL,noble.glover@gmail.com,"728 W. Rocky River Street ","Orchard Park",NY,14127
1218,Donovan,Cantrell,"(510) 624-3824",donovan.cantrell@msn.com,"601 Winchester Dr. ",Oakland,CA,94603
51,Gertrud,Rhodes,NULL,gertrud.rhodes@aol.com,"9961 Meadowbrook Street ",Merrick,NY,11566
1368,Veronique,Fulton,NULL,veronique.fulton@yahoo.com,"81 Hilldale Ave. ","Ballston Spa",NY,12020
157,Carola,Rodriquez,NULL,carola.rodriquez@hotmail.com,"9433 Heritage Lane ",Banning,CA,92220
307,Fransisca,Nicholson,NULL,fransisca.nicholson@aol.com,"945 Schoolhouse Street ",Glendora,CA,91740
501,Tony,Hicks,"(657) 260-6783",tony.hicks@gmail.com,"226 Carriage Street ",Anaheim,CA,92806
489,Kirstie,Vazquez,NULL,kirstie.vazquez@gmail.com,"8006 Rockland Ave. ","Saratoga Springs",NY,12866
615,Jamika,Blanchard,NULL,jamika.blanchard@gmail.com,"420 Cambridge Street ","Fresh Meadows",NY,11365
742,Evelina,Manning,NULL,evelina.manning@aol.com,"7515 Spring St. ","Mount Vernon",NY,10550
1167,Ryan,Carter,NULL,ryan.carter@yahoo.com,"8684 Studebaker Road ",Nanuet,NY,10954
1257,Rosamaria,Meyer,NULL,rosamaria.meyer@yahoo.com,"446 Elizabeth St. ",Webster,NY,14580
1360,Latashia,Travis,NULL,latashia.travis@yahoo.com,"7877 King Rd. ",Upland,CA,91784
737,Melita,Dominguez,NULL,melita.dominguez@msn.com,"9903 Santa Clara Lane ",Auburn,NY,13021
1435,Merrie,Fowler,NULL,merrie.fowler@aol.com,"532 Leatherwood Ave. ",Scarsdale,NY,10583
649,Eli,Contreras,NULL,eli.contreras@hotmail.com,"35 Highland Ave. ",Ronkonkoma,NY,11779
206,Stephaine,Riddle,NULL,stephaine.riddle@hotmail.com,"199 Vermont Court ",Brooklyn,NY,11201
1351,Carman,Hardy,NULL,carman.hardy@yahoo.com,"800 Whitemarsh St. ",Jamestown,NY,14701
1350,Annett,Rush,NULL,annett.rush@hotmail.com,"758 Fordham Lane ",Rosedale,NY,11422
13,Lashawn,Ortiz,NULL,lashawn.ortiz@msn.com,"27 Washington Rd. ",Longview,TX,75604
65,Kanesha,Vega,NULL,kanesha.vega@gmail.com,"771 E. Oxford Drive ",Rome,NY,13440
1082,Divina,Madden,"(562) 264-3998",divina.madden@gmail.com,"7314 Armstrong St. ","Long Beach",NY,11561
1168,Almeta,Benjamin,NULL,almeta.benjamin@aol.com,"8456 Oakwood St. ",Sunnyside,NY,11104
802,Barrett,Sanders,NULL,barrett.sanders@aol.com,"32 Hawthorne St. ",Longview,TX,75604
956,Venus,Hewitt,NULL,venus.hewitt@msn.com,"9835 Old Cemetery Lane ",Farmingdale,NY,11735
223,Scarlet,Yates,NULL,scarlet.yates@hotmail.com,"687 Shirley St. ",Patchogue,NY,11772
17,Caren,Stephens,NULL,caren.stephens@msn.com,"914 Brook St. ",Scarsdale,NY,10583
928,Joann,Barber,NULL,joann.barber@gmail.com,"8945 Courtland Street ","Santa Monica",CA,90403
1376,Kimberley,Reynolds,NULL,kimberley.reynolds@aol.com,"8475 Homewood Street ","Port Washington",NY,11050
145,Miquel,Neal,NULL,miquel.neal@hotmail.com,"9564 Deerfield Lane ","Staten Island",NY,10301
150,Weldon,Michael,NULL,weldon.michael@hotmail.com,"9952 Nut Swamp St. ",Huntington,NY,11743
851,Arlena,Buckner,NULL,arlena.buckner@hotmail.com,"629 Locust Ave. ","New Hyde Park",NY,11040
66,Lorrie,Becker,NULL,lorrie.becker@yahoo.com,"19 North Court ",Garland,TX,75043
1267,Earline,Gordon,NULL,earline.gordon@gmail.com,"81 Railroad Drive ",Ronkonkoma,NY,11779
510,Faustino,Delacruz,NULL,faustino.delacruz@msn.com,"88 West Greenview Street ","South Richmond Hill",NY,11419
801,Ophelia,Rodgers,NULL,ophelia.rodgers@gmail.com,"133 Joy Ridge Drive ","Hopewell Junction",NY,12533
26,Theo,Reese,"(562) 215-2907",theo.reese@gmail.com,"8755 W. Wild Horse St. ","Long Beach",NY,11561
1314,Joeann,Garrison,NULL,joeann.garrison@yahoo.com,"1 Harrison St. ",Ontario,CA,91762
107,Cecil,Hopper,NULL,cecil.hopper@yahoo.com,"471 Glenlake Ave. ","Central Islip",NY,11722
413,Ginette,Edwards,NULL,ginette.edwards@hotmail.com,"9262 NW. Center Ave. ",Baldwin,NY,11510
632,Yvette,Rogers,NULL,yvette.rogers@aol.com,"3 SE. Oklahoma Drive ","Franklin Square",NY,11010
1045,Pasquale,Hogan,NULL,pasquale.hogan@aol.com,"403 Bank St. ",Vista,CA,92083
579,Matilda,Larson,NULL,matilda.larson@hotmail.com,"336 Saxon Court ",Harlingen,TX,78552
1322,Ai,Forbes,NULL,ai.forbes@yahoo.com,"254 Central St. ","Franklin Square",NY,11010
5,Charolette,Rice,"(916) 381-6003",charolette.rice@msn.com,"107 River Dr. ",Sacramento,CA,95820
682,Arnita,Thomas,NULL,arnita.thomas@gmail.com,"154 2nd St. ","Orchard Park",NY,14127
933,Lurline,Rivers,NULL,lurline.rivers@msn.com,"69 Pine Street ","Howard Beach",NY,11414
282,Randolph,Chase,NULL,randolph.chase@yahoo.com,"828 Bridle Ave. ","San Lorenzo",CA,94580
540,Shery,Randolph,NULL,shery.randolph@hotmail.com,"602 Laurel Street ",Ontario,CA,91762
764,Terrell,Mathis,NULL,terrell.mathis@aol.com,"9320 Center Ave. ",Selden,NY,11784
879,Ethelyn,Ray,NULL,ethelyn.ray@yahoo.com,"80 South Sutor Lane ","Garden City",NY,11530
350,Christoper,Mccall,NULL,christoper.mccall@msn.com,"72 Summit St. ","Bay Shore",NY,11706
497,Ezra,Fowler,NULL,ezra.fowler@hotmail.com,"16 Pearl St. ",Nanuet,NY,10954
1340,Tona,Velasquez,NULL,tona.velasquez@msn.com,"9166 Trout St. ",Whitestone,NY,11357
411,Octavia,Case,"(212) 171-1335",octavia.case@aol.com,"40 Charles Road ","New York",NY,10002
1341,Rozanne,Reyes,NULL,rozanne.reyes@aol.com,"11 W. Surrey Drive ","Garden City",NY,11530
1227,Magali,Dixon,"(248) 279-5331",magali.dixon@msn.com,"815 Del Monte Court ",Troy,NY,12180
546,Thad,Castro,"(631) 943-1407",thad.castro@msn.com,"71 Surrey Ave. ",Brentwood,NY,11717
1301,Raven,Curtis,NULL,raven.curtis@aol.com,"18 Summit Lane ",Lawndale,CA,90260
378,Rosalba,O'neal,NULL,rosalba.o'neal@yahoo.com,"7517 Pennsylvania St. ","Mount Vernon",NY,10550
638,Tomeka,Higgins,NULL,tomeka.higgins@msn.com,"591 W. Corona St. ",Poughkeepsie,NY,12601
800,Cris,Dunn,NULL,cris.dunn@yahoo.com,"1 Pawnee Street ",Pittsford,NY,14534
159,Regina,Burns,NULL,regina.burns@aol.com,"713 Buckingham St. ",Garland,TX,75043
181,Olevia,Pitts,NULL,olevia.pitts@gmail.com,"39 Fieldstone Drive ","Redondo Beach",CA,90278
1356,Inger,Jennings,NULL,inger.jennings@yahoo.com,"38 NW. Shore Lane ",Patchogue,NY,11772
319,Justin,Newton,NULL,justin.newton@hotmail.com,"93 Shore Rd. ","Apple Valley",CA,92307
59,Latasha,Stanley,NULL,latasha.stanley@gmail.com,"8068 Fordham Drive ","Rockville Centre",NY,11570
133,Delbert,Wilkins,NULL,delbert.wilkins@aol.com,"420 Greenview St. ",Coram,NY,11727
780,Ouida,Gregory,NULL,ouida.gregory@aol.com,"7984 8th Street ",Merrick,NY,11566
849,Phyllis,Hill,NULL,phyllis.hill@yahoo.com,"576 Devon Ave. ",Syosset,NY,11791
202,Marni,Bolton,"(717) 670-6268",marni.bolton@msn.com,"7469 Plymouth Ave. ",Lancaster,NY,14086
158,Alane,Kennedy,NULL,alane.kennedy@yahoo.com,"34 Green Lake Street ","Spring Valley",NY,10977
360,Van,Peters,"(281) 658-7772",van.peters@yahoo.com,"45 Fifth Dr. ",Houston,TX,77016
573,Rubye,Mccall,"(248) 764-3359",rubye.mccall@hotmail.com,"71 Sherwood Dr. ",Troy,NY,12180
732,Lavona,Austin,NULL,lavona.austin@yahoo.com,"926 South Euclid St. ",Utica,NY,13501
1130,Benny,Bender,NULL,benny.bender@aol.com,"520 W. Hamilton St. ",Elmont,NY,11003
1245,Gabriela,Warren,"(562) 986-2247",gabriela.warren@aol.com,"9947 Brewery Ave. ","Long Beach",NY,11561
1425,Justina,Jenkins,NULL,justina.jenkins@msn.com,"345 SE. Green Lane ",Shirley,NY,11967
885,Janna,Hayden,NULL,janna.hayden@msn.com,"32 Hilldale Street ",Longview,TX,75604
281,Rayna,Perry,NULL,rayna.perry@hotmail.com,"7238 Oakland St. ","Ozone Park",NY,11417
1205,Emmaline,Huber,NULL,emmaline.huber@gmail.com,"7975 Harrison Rd. ","Mount Vernon",NY,10550
1375,Carlena,Salinas,NULL,carlena.salinas@gmail.com,"1 Wagon Street ",Jamaica,NY,11432
36,Bernita,Mcdaniel,NULL,bernita.mcdaniel@hotmail.com,"2 Peg Shop Ave. ",Liverpool,NY,13090
230,Chelsey,Hardin,NULL,chelsey.hardin@hotmail.com,"13 Brickyard Street ","Deer Park",NY,11729
705,Camille,Harvey,NULL,camille.harvey@hotmail.com,"859 Beaver Ridge Ave. ",Huntington,NY,11743
424,Charleen,Hurst,NULL,charleen.hurst@yahoo.com,"87 Country Avenue ",Utica,NY,13501
695,Christoper,Gould,NULL,christoper.gould@aol.com,"8718 South Constitution St. ",Shirley,NY,11967
156,Charlyn,Cantrell,NULL,charlyn.cantrell@yahoo.com,"8756 Euclid St. ","West Islip",NY,11795
211,Gilma,Dejesus,NULL,gilma.dejesus@yahoo.com,"777 Thompson Ave. ",Scarsdale,NY,10583
627,Deloris,Larson,NULL,deloris.larson@aol.com,"242 Branch Street ",Duarte,CA,91010
1400,Shayla,Hart,NULL,shayla.hart@msn.com,"9092 Aspen St. ",Woodhaven,NY,11421
299,Jame,Riggs,NULL,jame.riggs@hotmail.com,"9237 Hudson Drive ","Bay Shore",NY,11706
565,Dagny,Owen,NULL,dagny.owen@hotmail.com,"8028 Thompson Drive ","San Angelo",TX,76901
1019,Janie,Herrera,NULL,janie.herrera@gmail.com,"652 Westport Street ",Elmhurst,NY,11373
1263,Rufina,Chandler,NULL,rufina.chandler@aol.com,"7985 Alderwood Street ","New Hyde Park",NY,11040
670,Shawnda,Glover,NULL,shawnda.glover@gmail.com,"138 Belmont Ave. ",Liverpool,NY,13090
795,Mariam,Miranda,NULL,mariam.miranda@aol.com,"18 East Washington Avenue ","Franklin Square",NY,11010
1141,Mallie,Osborn,NULL,mallie.osborn@gmail.com,"9022 Bridgeton St. ",Newburgh,NY,12550
941,Danyell,Dickerson,NULL,danyell.dickerson@msn.com,"8306 Fieldstone Dr. ","Central Islip",NY,11722
1428,Carola,Johns,NULL,carola.johns@msn.com,"7077 Fordham Rd. ","Santa Cruz",CA,95060
568,Arcelia,Vinson,NULL,arcelia.vinson@gmail.com,"40 Dogwood St. ","West Islip",NY,11795
924,Lea,Irwin,NULL,lea.irwin@gmail.com,"845 Adams Lane ","New Windsor",NY,12553
1243,Heide,Reed,NULL,heide.reed@yahoo.com,"9174 Coffee Drive ","Floral Park",NY,11001
480,Garland,Weaver,NULL,garland.weaver@gmail.com,"7161 Goldfield Court ",Amsterdam,NY,12010
848,Ernestina,Skinner,NULL,ernestina.skinner@hotmail.com,"52 Spring Drive ",Elmhurst,NY,11373
1337,Bernetta,Summers,NULL,bernetta.summers@aol.com,"1 Young Ave. ",Longview,TX,75604
83,Tiesha,Daniel,NULL,tiesha.daniel@yahoo.com,"6 West Bohemia Lane ",Scarsdale,NY,10583
528,Angele,Schroeder,"(845) 804-6312",angele.schroeder@yahoo.com,"33 S. Shadow Brook Street ","New City",NY,10956
274,Josh,Shaw,NULL,josh.shaw@gmail.com,"212 North Leeton Ridge Street ","Hopewell Junction",NY,12533
622,Gabriel,Pitts,NULL,gabriel.pitts@gmail.com,"8462 Marshall Drive ","Clifton Park",NY,12065
642,Yang,Roth,NULL,yang.roth@aol.com,"234 E. Shub Farm Ave. ",Webster,NY,14580
659,Antonetta,Rocha,NULL,antonetta.rocha@yahoo.com,"9858 Newcastle St. ","Port Chester",NY,10573
779,Major,Merrill,NULL,major.merrill@aol.com,"78 Thatcher Court ",Astoria,NY,11102
1112,Hollis,Rasmussen,NULL,hollis.rasmussen@yahoo.com,"8949 S. Gates Road ",Massapequa,NY,11758
1193,Phebe,Soto,NULL,phebe.soto@hotmail.com,"9239 Leatherwood Rd. ","South Ozone Park",NY,11420
1030,Saran,Moses,NULL,saran.moses@yahoo.com,"94 Hall Dr. ",Brooklyn,NY,11201
1252,Adriene,Rollins,NULL,adriene.rollins@msn.com,"55 Cambridge Street ",Plainview,NY,11803
1333,Omega,Huff,NULL,omega.huff@aol.com,"63 Devon St. ","Santa Monica",CA,90403
1110,Shirely,Cantrell,NULL,shirely.cantrell@aol.com,"6 Kent Street ","West Hempstead",NY,11552
963,Anisha,Lang,NULL,anisha.lang@aol.com,"265 Peachtree St. ",Rome,NY,13440
1357,Karren,Lamb,"(559) 628-2239",karren.lamb@aol.com,"35 N. Chapel St. ",Fresno,CA,93706
806,Reyes,Merritt,NULL,reyes.merritt@yahoo.com,"48 Lexington Rd. ","Staten Island",NY,10301
961,Iva,Wilcox,NULL,iva.wilcox@aol.com,"452 South Mayflower Drive ",Kingston,NY,12401
750,Romaine,Salazar,NULL,romaine.salazar@yahoo.com,"7700 Wentworth Rd. ",Monsey,NY,10952
1299,Shauna,Edwards,NULL,shauna.edwards@msn.com,"8 Dogwood Ave. ","Yorktown Heights",NY,10598
584,Lynne,Anderson,"(915) 789-6666",lynne.anderson@msn.com,"325 Inverness St. ","El Paso",TX,79930
1004,Jerald,Blackwell,NULL,jerald.blackwell@hotmail.com,"8364 South Wakehurst Ave. ","East Elmhurst",NY,11369
907,Daina,Sampson,NULL,daina.sampson@msn.com,"556 Wellington St. ",Longview,TX,75604
30,Jamaal,Albert,NULL,jamaal.albert@gmail.com,"853 Stonybrook Street ",Torrance,CA,90505
1307,Cinda,Rocha,NULL,cinda.rocha@hotmail.com,"926 North Oklahoma Dr. ","Los Banos",CA,93635
16,Emmitt,Sanchez,"(212) 945-8823",emmitt.sanchez@hotmail.com,"461 Squaw Creek Road ","New York",NY,10002
1387,Phylicia,Stout,NULL,phylicia.stout@aol.com,"8842 Littleton Lane ",Canandaigua,NY,14424
551,Jenine,Crane,"(682) 183-6555",jenine.crane@msn.com,"7381 Alderwood Drive ","Fort Worth",TX,76110
1011,Sebrina,Gross,NULL,sebrina.gross@yahoo.com,"993 Glendale Drive ",Garland,TX,75043
1189,Sheila,Goodman,NULL,sheila.goodman@msn.com,"9586 Chestnut St. ",Uniondale,NY,11553
14,Garry,Espinoza,NULL,garry.espinoza@hotmail.com,"7858 Rockaway Court ",Forney,TX,75126
1042,Larissa,Hays,NULL,larissa.hays@aol.com,"66 2nd Drive ",Elmont,NY,11003
441,Dorthea,Walker,NULL,dorthea.walker@aol.com,"11 Third St. ","Port Washington",NY,11050
1300,Clorinda,Donovan,NULL,clorinda.donovan@msn.com,"9690 E. Morris Ave. ",Jamestown,NY,14701
994,Demarcus,Reese,NULL,demarcus.reese@gmail.com,"8087 Armstrong Dr. ","Yorktown Heights",NY,10598
187,Hedwig,Paul,NULL,hedwig.paul@msn.com,"422 Manor Ave. ","Apple Valley",CA,92307
834,Brain,Skinner,NULL,brain.skinner@hotmail.com,"8676 Ketch Harbour Ave. ",Euless,TX,76039
373,Mariette,Trevino,NULL,mariette.trevino@aol.com,"4 Border Court ",Utica,NY,13501
981,Christel,Cardenas,"(562) 342-8083",christel.cardenas@aol.com,"428 S. Swanson Drive ","Long Beach",NY,11561
1054,Arielle,Levine,NULL,arielle.levine@yahoo.com,"7100 High Ridge St. ",Garland,TX,75043
527,Afton,Juarez,NULL,afton.juarez@gmail.com,"8330 Riverview Drive ",Coram,NY,11727
995,Amina,Salazar,NULL,amina.salazar@aol.com,"944 Wellington Street ",Canandaigua,NY,14424
1285,Garth,Huff,NULL,garth.huff@yahoo.com,"794 East University St. ",Glendora,CA,91740
758,Raymonde,Garcia,NULL,raymonde.garcia@aol.com,"55 NE. North St. ",Queensbury,NY,12804
891,Ashlie,Parrish,NULL,ashlie.parrish@hotmail.com,"48 Mill Drive ",Monsey,NY,10952
132,Boyd,Irwin,NULL,boyd.irwin@hotmail.com,"221 Whitemarsh St. ",Hamburg,NY,14075
337,Majorie,Wyatt,NULL,majorie.wyatt@yahoo.com,"8507 Miller St. ","South Ozone Park",NY,11420
1313,Dante,Grimes,NULL,dante.grimes@yahoo.com,"23 Shore St. ",Duarte,CA,91010
536,Christiane,Bradford,NULL,christiane.bradford@gmail.com,"9043 Woodland Ave. ","Orchard Park",NY,14127
825,Kristel,Byrd,NULL,kristel.byrd@hotmail.com,"9967 Piper Street ",Hicksville,NY,11801
1355,Thad,Gilliam,NULL,thad.gilliam@hotmail.com,"8844 Gonzales Court ",Levittown,NY,11756
475,Alec,Peck,NULL,alec.peck@hotmail.com,"4 W. Belmont St. ",Victoria,TX,77904
954,Hassan,Nash,NULL,hassan.nash@yahoo.com,"8105 University Lane ",Hicksville,NY,11801
1156,Han,Wade,NULL,han.wade@hotmail.com,"587 Sulphur Springs St. ","Howard Beach",NY,11414
1297,Vanessa,West,NULL,vanessa.west@gmail.com,"34 Prairie Lane ","New Rochelle",NY,10801
199,Clelia,Workman,NULL,clelia.workman@yahoo.com,"620 North Somerset St. ","New Windsor",NY,12553
331,Aleta,Mack,NULL,aleta.mack@yahoo.com,"8869 W. Edgemont Lane ","Bay Shore",NY,11706
410,Conception,Slater,NULL,conception.slater@gmail.com,"5 Sunset Street ",Bellmore,NY,11710
1274,Odette,Moses,NULL,odette.moses@gmail.com,"899 Overlook Lane ",Newburgh,NY,12550
1362,Christiana,Gross,NULL,christiana.gross@yahoo.com,"645 North Richardson Road ","Orchard Park",NY,14127
451,Jennette,Wooten,NULL,jennette.wooten@msn.com,"8221 Bow Ridge Lane ",Rowlett,TX,75088
1080,Mirella,Duffy,NULL,mirella.duffy@yahoo.com,"43 University Ave. ",Longview,TX,75604
53,Saturnina,Garner,NULL,saturnina.garner@gmail.com,"8538 Fairground St. ",Glendora,CA,91740
576,Shirely,Stanley,"(915) 437-6113",shirely.stanley@gmail.com,"73 White Avenue ","El Paso",TX,79930
61,Elinore,Aguilar,NULL,elinore.aguilar@msn.com,"9766 Rockcrest Ave. ","San Angelo",TX,76901
176,Carley,Reynolds,NULL,carley.reynolds@gmail.com,"2 Snake Hill Drive ","South El Monte",CA,91733
368,Alysha,Powers,NULL,alysha.powers@msn.com,"39 West Marshall Ave. ","Forest Hills",NY,11375
522,Tammera,Fischer,"(510) 534-8845",tammera.fischer@hotmail.com,"405 Olive St. ",Oakland,CA,94603
144,Hans,Price,NULL,hans.price@hotmail.com,"51 Glendale Road ","Port Chester",NY,10573
542,Timothy,Byers,NULL,timothy.byers@msn.com,"8645 Devonshire Lane ",Ronkonkoma,NY,11779
1437,Son,Warner,NULL,son.warner@hotmail.com,"20 W. Rosewood Ave. ","Rockville Centre",NY,11570
447,Chasidy,Tran,NULL,chasidy.tran@msn.com,"9286 Anderson Street ",Vista,CA,92083
1001,Lee,Roman,"(631) 913-6967",lee.roman@gmail.com,"4 Canal Ave. ",Brentwood,NY,11717
1295,Alline,Beasley,NULL,alline.beasley@yahoo.com,"8704 NE. Olive Ave. ","North Tonawanda",NY,14120
103,Sylvie,Wilkerson,NULL,sylvie.wilkerson@yahoo.com,"750 Central Ave. ",Syosset,NY,11791
1335,Corina,Lynch,NULL,corina.lynch@msn.com,"44 Sunbeam Dr. ",Rosedale,NY,11422
578,Salena,Day,NULL,salena.day@msn.com,"8067 Park Court ","San Lorenzo",CA,94580
396,Laverna,Hernandez,NULL,laverna.hernandez@hotmail.com,"34 South Longfellow St. ","Niagara Falls",NY,14304
603,Genevieve,Juarez,NULL,genevieve.juarez@gmail.com,"93 Goldfield Drive ","New Hyde Park",NY,11040
1380,Eliz,Lynch,NULL,eliz.lynch@hotmail.com,"717 West Deerfield Ave. ",Uniondale,NY,11553
77,Keri,Bridges,NULL,keri.bridges@gmail.com,"8504 Brickell Ave. ",Richardson,TX,75080
1071,Shemeka,Lyons,NULL,shemeka.lyons@msn.com,"97 South Jockey Hollow St. ",Pomona,CA,91768
416,Luke,Fuller,"(516) 363-2253",luke.fuller@hotmail.com,"576 Cleveland Lane ",Hempstead,NY,11550
1151,Herminia,Reyes,NULL,herminia.reyes@gmail.com,"782 Stonybrook Street ",Centereach,NY,11720
261,Ferne,Kline,NULL,ferne.kline@hotmail.com,"303 Shady St. ",Fullerton,CA,92831
1202,Carmina,Emerson,NULL,carmina.emerson@hotmail.com,"7137 Monroe Road ",Banning,CA,92220
717,Kristofer,Craig,NULL,kristofer.craig@yahoo.com,"6 Delaware Lane ",Plainview,NY,11803
917,Vernia,Madden,"(248) 206-3697",vernia.madden@aol.com,"5 Iroquois Street ",Troy,NY,12180
1265,Bonita,Marshall,NULL,bonita.marshall@msn.com,"48 Bald Hill Drive ",Endicott,NY,13760
1377,Johana,Jacobson,"(507) 407-9384",johana.jacobson@gmail.com,"29 San Juan St. ",Rochester,NY,14606
359,Angie,Powers,NULL,angie.powers@aol.com,"6 Rockland Dr. ",Pomona,CA,91768
88,Titus,Bullock,NULL,titus.bullock@gmail.com,"29 Oxford Avenue ",Hollis,NY,11423
72,Petronila,Norris,NULL,petronila.norris@aol.com,"72 South Marshall Lane ","South El Monte",CA,91733
240,Le,Deleon,NULL,le.deleon@msn.com,"58 Clark Court ",Banning,CA,92220
398,Suellen,Mercado,NULL,suellen.mercado@yahoo.com,"3 Taylor Drive ",Sunnyside,NY,11104
1397,Dewayne,Herring,NULL,dewayne.herring@aol.com,"9015 Willow Lane ",Webster,NY,14580
67,Tommie,Melton,"(916) 802-2952",tommie.melton@gmail.com,"8 West Old York St. ",Sacramento,CA,95820
843,Tessie,Farmer,NULL,tessie.farmer@msn.com,"870 Cottage Ave. ",Plattsburgh,NY,12901
944,Tonja,Henderson,NULL,tonja.henderson@aol.com,"82 Alton St. ",Scarsdale,NY,10583
434,Douglass,Little,NULL,douglass.little@hotmail.com,"294 Harvey Drive ",Duarte,CA,91010
1039,Bee,Baker,NULL,bee.baker@aol.com,"307 E. Magnolia St. ",Liverpool,NY,13090
153,Laraine,Robbins,NULL,laraine.robbins@yahoo.com,"8214 E. Pin Oak Lane ","San Angelo",TX,76901
272,Deja,Chaney,NULL,deja.chaney@hotmail.com,"52 Woodside Ave. ",Jamaica,NY,11432
1217,Carlie,Terrell,"(914) 517-8036",carlie.terrell@yahoo.com,"7437 Snake Hill Road ",Yonkers,NY,10701
169,Karla,Kirk,NULL,karla.kirk@yahoo.com,"9718 Harvard Rd. ","Palos Verdes Peninsula",CA,90274
1062,Jerri,Guthrie,NULL,jerri.guthrie@msn.com,"95 Sugar Dr. ",Carmel,NY,10512
726,Rochell,Cantrell,NULL,rochell.cantrell@yahoo.com,"437 Water Dr. ","Port Jefferson Station",NY,11776
791,Yun,Nelson,NULL,yun.nelson@hotmail.com,"529 Durham Street ","Ballston Spa",NY,12020
1085,Adam,Thornton,NULL,adam.thornton@hotmail.com,"755 East Henry Lane ","Central Islip",NY,11722
314,Javier,Nichols,NULL,javier.nichols@msn.com,"8944 Marconi St. ",Rowlett,TX,75088
149,Meredith,Bryan,NULL,meredith.bryan@hotmail.com,"8935 E. Oxford St. ","Spring Valley",NY,10977
882,Hilda,Harvey,NULL,hilda.harvey@gmail.com,"9808 W. Cleveland Ave. ","Ballston Spa",NY,12020
704,Morton,Barron,"(661) 386-4884",morton.barron@msn.com,"542 Circle Rd. ",Bakersfield,CA,93306
667,Etsuko,Garrison,NULL,etsuko.garrison@yahoo.com,"1 Arrowhead Street ","Richmond Hill",NY,11418
1371,Pandora,Estes,NULL,pandora.estes@aol.com,"228 Shadow Brook Drive ","New Hyde Park",NY,11040
362,Olevia,Noel,NULL,olevia.noel@yahoo.com,"39 N. Rosewood Dr. ",Kingston,NY,12401
399,Bart,Hess,NULL,bart.hess@aol.com,"799 N. Maiden Street ",Kingston,NY,12401
808,Vallie,Dixon,NULL,vallie.dixon@yahoo.com,"85 E. Ann Drive ",Rowlett,TX,75088
101,Nichelle,Howell,NULL,nichelle.howell@aol.com,"7670 Forest St. ",Scarsdale,NY,10583
492,Justa,Thompson,NULL,justa.thompson@aol.com,"43 Manor Ave. ",Corona,NY,11368
575,Laurence,Christian,NULL,laurence.christian@gmail.com,"2 Maple St. ",Jamaica,NY,11432
1146,Charlsie,Carson,NULL,charlsie.carson@hotmail.com,"3 South Grant Avenue ","Saint Albans",NY,11412
997,Trinidad,Mcclain,NULL,trinidad.mcclain@msn.com,"98 Tunnel Drive ",Baldwin,NY,11510
1028,Shanna,Bonner,NULL,shanna.bonner@msn.com,"386 Lafayette Road ",Canandaigua,NY,14424
988,Vanda,Holmes,NULL,vanda.holmes@aol.com,"9835 Wild Rose Drive ",Syosset,NY,11791
1055,Hildegarde,Christensen,NULL,hildegarde.christensen@hotmail.com,"488 East Mill Pond Ave. ",Maspeth,NY,11378
1061,Alanna,Barry,NULL,alanna.barry@yahoo.com,"33 Laurel Avenue ",Euless,TX,76039
1349,Kami,Rios,NULL,kami.rios@yahoo.com,"8400 8th Dr. ",Encino,CA,91316
197,Andy,O'neill,NULL,andy.o'neill@msn.com,"9544 Mulberry Drive ","Rego Park",NY,11374
874,Mila,Good,NULL,mila.good@yahoo.com,"812 East Longbranch Ave. ",Plattsburgh,NY,12901
691,Ladawn,Downs,"(281) 165-2090",ladawn.downs@yahoo.com,"7452 S. Airport Court ",Houston,TX,77016
853,Brittney,Rojas,NULL,brittney.rojas@aol.com,"2 E. Overlook Ave. ",Kingston,NY,12401
852,Lezlie,Thompson,NULL,lezlie.thompson@yahoo.com,"73 Vernon St. ",Freeport,NY,11520
964,Brent,Calderon,"(361) 981-8725",brent.calderon@aol.com,"3 Thomas St. ","Corpus Christi",TX,78418
74,Georgeann,Waller,NULL,georgeann.waller@yahoo.com,"9797 Bald Hill Ave. ","North Tonawanda",NY,14120
1198,Cheryll,Snyder,NULL,cheryll.snyder@yahoo.com,"77 E. Liberty St. ",Brooklyn,NY,11201
1440,Ernest,Rollins,NULL,ernest.rollins@yahoo.com,"4 West Ridge Dr. ","Oakland Gardens",NY,11364
555,Marry,Benjamin,NULL,marry.benjamin@yahoo.com,"33 Amerige Street ",Forney,TX,75126
1261,Adelaida,Hancock,NULL,adelaida.hancock@aol.com,"669 S. Gartner Street ","San Pablo",CA,94806
1089,Chere,Mcfadden,NULL,chere.mcfadden@yahoo.com,"695 San Pablo Drive ","Orchard Park",NY,14127
641,Derrick,Marks,NULL,derrick.marks@yahoo.com,"7247 East Prairie Lane ",Glendora,CA,91740
697,Alane,Mccarty,"(619) 377-8586",alane.mccarty@hotmail.com,"8254 Hilldale Street ","San Diego",CA,92111
468,Jeanett,Herman,NULL,jeanett.herman@hotmail.com,"839 East Arch Street ",Lindenhurst,NY,11757
549,Elmo,Arnold,"(562) 841-9339",elmo.arnold@aol.com,"7616 Lyme Rd. ","Long Beach",NY,11561
553,Rory,Cooper,NULL,rory.cooper@gmail.com,"459 West Street ",Rocklin,CA,95677
241,Manie,Sanchez,NULL,manie.sanchez@hotmail.com,"471 Illinois Ave. ",Queensbury,NY,12804
559,Basilia,Thornton,"(631) 592-9548",basilia.thornton@hotmail.com,"9033 Pine Dr. ",Brentwood,NY,11717
449,Josie,Schultz,NULL,josie.schultz@hotmail.com,"225 Mammoth Street ","Canyon Country",CA,91387
304,Jayme,Zamora,NULL,jayme.zamora@gmail.com,"2 Ridge Lane ","Springfield Gardens",NY,11413
984,Ivette,Warren,NULL,ivette.warren@gmail.com,"8408 Thomas Street ","Franklin Square",NY,11010
686,Darcel,Harmon,NULL,darcel.harmon@msn.com,"966 Hickory Street ","Santa Clara",CA,95050
481,Jayson,Rutledge,NULL,jayson.rutledge@yahoo.com,"8672 Coffee St. ","Lake Jackson",TX,77566
513,Whitney,Cash,NULL,whitney.cash@gmail.com,"8 Surrey Street ",Hamburg,NY,14075
703,Diana,Cobb,NULL,diana.cobb@hotmail.com,"558 Vale St. ",Fullerton,CA,92831
421,Iola,Rasmussen,NULL,iola.rasmussen@yahoo.com,"283 N. Manor Station Dr. ",Monroe,NY,10950
465,Birdie,Kramer,"(248) 725-2174",birdie.kramer@hotmail.com,"311 Newcastle Dr. ",Troy,NY,12180
709,Vinnie,Chan,NULL,vinnie.chan@aol.com,"8750 Surrey St. ","Forest Hills",NY,11375
827,George,Pickett,NULL,george.pickett@msn.com,"691 Rocky River St. ",Sunnyside,NY,11104
921,Evelin,Vargas,NULL,evelin.vargas@msn.com,"7049 Pin Oak Ave. ",Webster,NY,14580
899,Carisa,Carpenter,NULL,carisa.carpenter@hotmail.com,"551 Belmont Lane ",Victoria,TX,77904
876,Onita,Macdonald,NULL,onita.macdonald@yahoo.com,"94 Wood St. ","Glen Cove",NY,11542
1048,Ji,Burt,NULL,ji.burt@hotmail.com,"40 S. Roberts Street ","Apple Valley",CA,92307
191,Graciela,Barber,"(805) 656-6987",graciela.barber@hotmail.com,"1 E. Young St. ",Oxnard,CA,93035
796,Rosalie,Coffey,NULL,rosalie.coffey@gmail.com,"789 Amerige Dr. ",Upland,CA,91784
875,Tanesha,Sawyer,NULL,tanesha.sawyer@aol.com,"9B Kingston Lane ",Rosedale,NY,11422
712,Kecia,Olsen,NULL,kecia.olsen@msn.com,"8389 Central St. ","Santa Cruz",CA,95060
193,Ayanna,Rhodes,NULL,ayanna.rhodes@msn.com,"7425 Pheasant St. ",Hicksville,NY,11801
785,Kandis,Mills,NULL,kandis.mills@hotmail.com,"64 Beechwood Drive ",Hamburg,NY,14075
1331,Divina,Reeves,NULL,divina.reeves@hotmail.com,"767 Bradford Dr. ",Newburgh,NY,12550
260,Rodrick,Shelton,NULL,rodrick.shelton@hotmail.com,"7157 Addison Street ","Canyon Country",CA,91387
148,Julee,Woodard,NULL,julee.woodard@yahoo.com,"869 Summerhouse Dr. ","Richmond Hill",NY,11418
977,Barton,Cox,NULL,barton.cox@yahoo.com,"8220 Creekside Street ",Amityville,NY,11701
401,Shaunda,Barnett,NULL,shaunda.barnett@gmail.com,"9366 San Carlos Lane ",Longview,TX,75604
932,Yvonne,Bean,NULL,yvonne.bean@yahoo.com,"20 W. Marsh Ave. ","Wappingers Falls",NY,12590
1381,Mercedez,Brooks,NULL,mercedez.brooks@hotmail.com,"7483 Ann St. ",Duarte,CA,91010
721,Erlinda,Osborne,NULL,erlinda.osborne@yahoo.com,"148 Elm St. ","West Islip",NY,11795
831,Lory,Berg,NULL,lory.berg@aol.com,"64 Vine Drive ",Oswego,NY,13126
1378,Enoch,Rosario,"(559) 329-7615",enoch.rosario@hotmail.com,"186 Arlington St. ",Fresno,CA,93706
1359,Octavia,Donaldson,NULL,octavia.donaldson@hotmail.com,"8095 Wayne Ave. ",Levittown,NY,11756
235,Jeromy,Elliott,NULL,jeromy.elliott@gmail.com,"7112 Laurel Street ","Bay Shore",NY,11706
586,Ulysses,Gaines,NULL,ulysses.gaines@aol.com,"22 Gregory Lane ",Monsey,NY,10952
377,Klara,Mosley,NULL,klara.mosley@gmail.com,"518 Devon Court ","Port Chester",NY,10573
8,Jacquline,Duncan,NULL,jacquline.duncan@yahoo.com,"15 Brown St. ","Jackson Heights",NY,11372
155,Lory,Page,NULL,lory.page@hotmail.com,"58 Summerhouse Street ","Bay Shore",NY,11706
927,Guillermo,Hart,"(212) 652-7198",guillermo.hart@hotmail.com,"81 Indian Summer Drive ","New York",NY,10002
986,Marcel,Lindsay,NULL,marcel.lindsay@hotmail.com,"249 Peninsula St. ",Ossining,NY,10562
111,Shila,White,NULL,shila.white@msn.com,"94 Lakeshore Street ","Orchard Park",NY,14127
613,Margene,Eaton,NULL,margene.eaton@yahoo.com,"43 Sugar Street ",Wantagh,NY,11793
1374,Juliane,Dillard,NULL,juliane.dillard@aol.com,"63 Birchwood Court ",Glendora,CA,91740
54,Fran,Yang,NULL,fran.yang@hotmail.com,"440 Pearl St. ",Utica,NY,13501
639,Ronald,Parsons,NULL,ronald.parsons@msn.com,"268 Pin Oak Rd. ",Maspeth,NY,11378
664,Augustus,Schmidt,NULL,augustus.schmidt@msn.com,"624 Jones Dr. ",Corona,NY,11368
724,Lois,Steele,NULL,lois.steele@yahoo.com,"7501 South Marlborough Street ",Ossining,NY,10562
1056,Rebbecca,Espinoza,NULL,rebbecca.espinoza@hotmail.com,"8266 Valley Farms Road ","Mount Vernon",NY,10550
569,Lucas,Estes,NULL,lucas.estes@yahoo.com,"99 Old Church St. ","Santa Monica",CA,90403
1315,Omega,Johnston,NULL,omega.johnston@gmail.com,"9935 Tarkiln Hill St. ","Canyon Country",CA,91387
1096,Tonda,Webb,NULL,tonda.webb@yahoo.com,"53 SW. Edgemont Rd. ",Baldwinsville,NY,13027
506,Irving,Pitts,NULL,irving.pitts@msn.com,"346 College Court ",Torrance,CA,90505
676,Gayle,Wilkinson,NULL,gayle.wilkinson@yahoo.com,"4 Riverside Ave. ",Lindenhurst,NY,11757
753,Mandi,Gibbs,NULL,mandi.gibbs@gmail.com,"80 Sycamore Drive ","East Elmhurst",NY,11369
773,Yolando,Wade,NULL,yolando.wade@hotmail.com,"310 Wilson Ave. ",Massapequa,NY,11758
116,Merlene,Vinson,NULL,merlene.vinson@gmail.com,"431 Vine Dr. ",Euless,TX,76039
817,Zelda,Pratt,"(717) 428-4018",zelda.pratt@gmail.com,"74 Trusel Drive ",Lancaster,NY,14086
1334,Ashleigh,Finch,NULL,ashleigh.finch@yahoo.com,"82 Hudson Court ",Newburgh,NY,12550
1406,Farrah,Orr,NULL,farrah.orr@msn.com,"8711 W. Ashley St. ","New Hyde Park",NY,11040
835,Roseanne,Maynard,NULL,roseanne.maynard@yahoo.com,"219 Old Paris Hill Dr. ",Euless,TX,76039
759,Cira,Downs,"(510) 788-4456",cira.downs@gmail.com,"672 Sussex Ave. ",Oakland,CA,94603
1353,Agatha,Daniels,NULL,agatha.daniels@yahoo.com,"125 Canal St. ","South El Monte",CA,91733
341,Delana,Scott,NULL,delana.scott@yahoo.com,"7372 Ridgeview St. ","Mount Vernon",NY,10550
1144,Jewel,Sparks,NULL,jewel.sparks@aol.com,"12 Vine Road ","Oakland Gardens",NY,11364
1429,Lorrie,Justice,NULL,lorrie.justice@gmail.com,"8396 Brook Drive ",Pomona,CA,91768
1228,Zulema,Clemons,"(510) 565-8496",zulema.clemons@aol.com,"75 W. Howard St. ",Oakland,CA,94603
313,Melani,Jarvis,NULL,melani.jarvis@hotmail.com,"8 Tunnel St. ",Maspeth,NY,11378
62,Alica,Hunter,NULL,alica.hunter@hotmail.com,"8 San Juan Drive ","East Elmhurst",NY,11369
321,Chere,Hardin,NULL,chere.hardin@yahoo.com,"763 Fulton Road ",Brooklyn,NY,11201
1108,Bao,Wade,NULL,bao.wade@gmail.com,"7587 Church St. ",Desoto,TX,75115
470,Loise,Walker,NULL,loise.walker@aol.com,"201 Glen Eagles St. ",Shirley,NY,11967
20,Aleta,Shepard,NULL,aleta.shepard@aol.com,"684 Howard St. ","Sugar Land",TX,77478
739,Bobbi,Banks,NULL,bobbi.banks@yahoo.com,"396 Wagon Rd. ",Bayside,NY,11361
64,Bobbie,Foster,NULL,bobbie.foster@yahoo.com,"988 Pineknoll Ave. ",Desoto,TX,75115
892,Alissa,Craft,NULL,alissa.craft@hotmail.com,"249 Maple Street ",Ossining,NY,10562
1169,Beatris,Joyner,NULL,beatris.joyner@gmail.com,"7463 Gonzales Rd. ","Spring Valley",NY,10977
1282,Alexis,Mack,"(845) 707-6088",alexis.mack@aol.com,"7767 Sutor Ave. ","New City",NY,10956
913,Liliana,Kerr,NULL,liliana.kerr@yahoo.com,"3 Cherry Drive ",Desoto,TX,75115
104,Katharina,Bates,NULL,katharina.bates@gmail.com,"54 South Greenview Drive ",Campbell,CA,95008
212,Buford,Bridges,"(248) 604-7346",buford.bridges@msn.com,"239 Oak Valley Court ",Troy,NY,12180
1248,Bethany,Herring,NULL,bethany.herring@yahoo.com,"7563 High Point Street ","Port Jefferson Station",NY,11776
1443,Lezlie,Lamb,NULL,lezlie.lamb@gmail.com,"401 Brandywine Street ","Central Islip",NY,11722
959,Christel,Barber,"(916) 679-3547",christel.barber@hotmail.com,"320 Briarwood Lane ",Sacramento,CA,95820
1405,Thanh,Figueroa,NULL,thanh.figueroa@yahoo.com,"6 Roberts Drive ","Mount Vernon",NY,10550
90,Marjorie,Logan,NULL,marjorie.logan@msn.com,"95 Grandrose St. ","Franklin Square",NY,11010
942,Davis,Long,"(717) 653-1755",davis.long@msn.com,"929 Elmwood Dr. ",Lancaster,NY,14086
365,Rodger,Rojas,NULL,rodger.rojas@yahoo.com,"8442 Cooper Ave. ",Bayside,NY,11361
1058,Aisha,Woods,NULL,aisha.woods@gmail.com,"9292 Bear Hill Ave. ",Webster,NY,14580
894,Nathaniel,Richard,NULL,nathaniel.richard@gmail.com,"3 Nicolls Lane ","New Windsor",NY,12553
298,Jennie,Middleton,NULL,jennie.middleton@gmail.com,"95 High Noon Dr. ",Upland,CA,91784
1430,Tayna,Wade,"(661) 858-1224",tayna.wade@hotmail.com,"65 Smith Store Dr. ",Bakersfield,CA,93306
1275,Lenita,Bonner,NULL,lenita.bonner@aol.com,"7286 Swanson Drive ","Los Banos",CA,93635
707,Terese,Briggs,NULL,terese.briggs@msn.com,"16 N. Oak Valley St. ",Woodside,NY,11377
989,Loreen,Byers,NULL,loreen.byers@yahoo.com,"83 S. Rockledge Circle ","South Ozone Park",NY,11420
178,Genoveva,Tyler,"(212) 152-6381",genoveva.tyler@gmail.com,"8121 Windfall Ave. ","New York",NY,10002
423,Johna,Powers,NULL,johna.powers@hotmail.com,"379 Central Ave. ","Deer Park",NY,11729
833,Leone,Emerson,NULL,leone.emerson@msn.com,"460 Smith Store Ave. ",Whitestone,NY,11357
33,Deloris,Burke,NULL,deloris.burke@hotmail.com,"895 Edgemont Drive ","Palos Verdes Peninsula",CA,90274
1272,Houston,Vasquez,NULL,houston.vasquez@msn.com,"845 Aspen Street ",Fullerton,CA,92831
445,Earline,Ballard,NULL,earline.ballard@hotmail.com,"939 Lyme Road ","Mount Vernon",NY,10550
819,Yahaira,Robertson,NULL,yahaira.robertson@yahoo.com,"142 Roehampton Dr. ",Endicott,NY,13760
160,Omer,Estrada,NULL,omer.estrada@gmail.com,"9 Honey Creek Street ",Rowlett,TX,75088
581,Vonda,Berger,NULL,vonda.berger@yahoo.com,"615 S. Proctor Ave. ","Santa Clara",CA,95050
688,Pearlie,Cochran,NULL,pearlie.cochran@msn.com,"23 Homewood Rd. ",Campbell,CA,95008
792,Edgar,Horn,NULL,edgar.horn@aol.com,"7270 W. Cherry Hill Lane ","West Babylon",NY,11704
1209,Deandrea,Cox,NULL,deandrea.cox@msn.com,"617 Sycamore Street ",Huntington,NY,11743
1219,Alden,Atkinson,NULL,alden.atkinson@gmail.com,"46 Valley St. ",Shirley,NY,11967
1306,America,Swanson,NULL,america.swanson@msn.com,"83 South Arlington Lane ",Webster,NY,14580
487,Grace,Madden,NULL,grace.madden@gmail.com,"606 East Rocky River St. ","San Pablo",CA,94806
102,Marisol,Goodman,NULL,marisol.goodman@gmail.com,"864 East Cherry St. ",Canandaigua,NY,14424
719,Nicki,Fry,NULL,nicki.fry@hotmail.com,"950 Snake Hill Lane ",Endicott,NY,13760
990,Casimira,Chapman,NULL,casimira.chapman@yahoo.com,"67 Snake Hill St. ",Monroe,NY,10950
1211,Brenton,Whitaker,NULL,brenton.whitaker@gmail.com,"25 Elmwood Rd. ","Niagara Falls",NY,14304
1232,Jong,Guthrie,NULL,jong.guthrie@hotmail.com,"889 Leatherwood Drive ",Bethpage,NY,11714
1318,Tisha,Petty,"(210) 851-3122",tisha.petty@msn.com,"9083 Lake View Ave. ","San Antonio",TX,78213
538,Sherie,Ayala,NULL,sherie.ayala@msn.com,"5 Beech Ave. ","South El Monte",CA,91733
952,Aileen,Marquez,NULL,aileen.marquez@msn.com,"8899 Newbridge Street ",Torrance,CA,90505
1121,Shasta,Combs,NULL,shasta.combs@yahoo.com,"726 James Dr. ","Yorktown Heights",NY,10598
40,Ronna,Butler,NULL,ronna.butler@gmail.com,"9438 Plymouth Court ",Encino,CA,91316
1,Debra,Burks,NULL,debra.burks@yahoo.com,"9273 Thorne Ave. ","Orchard Park",NY,14127
624,Sharika,Colon,"(562) 452-6136",sharika.colon@gmail.com,"509 Henry Smith St. ","Long Beach",NY,11561
683,Amparo,Burks,NULL,amparo.burks@aol.com,"7781 Augusta St. ",Merrick,NY,11566
823,Tina,Bush,NULL,tina.bush@aol.com,"8038 Bellevue Street ",Maspeth,NY,11378
1032,Vernon,Knowles,NULL,vernon.knowles@yahoo.com,"5 Olive Lane ","Huntington Station",NY,11746
96,Floretta,Higgins,NULL,floretta.higgins@hotmail.com,"870 Lilac Dr. ",Bayside,NY,11361
1208,Leila,Barr,NULL,leila.barr@yahoo.com,"120 Fremont Rd. ",Carmel,NY,10512
18,Georgetta,Hardin,NULL,georgetta.hardin@aol.com,"474 Chapel Dr. ",Canandaigua,NY,14424
309,Anderson,Martin,NULL,anderson.martin@hotmail.com,"9051 Hillside Dr. ",Canandaigua,NY,14424
1103,Ardelia,Cooley,NULL,ardelia.cooley@aol.com,"59 Henry Smith St. ","Canyon Country",CA,91387
896,Stefani,Gamble,"(845) 724-2996",stefani.gamble@aol.com,"9119 W. Victoria St. ","New City",NY,10956
711,Jovita,Bishop,NULL,jovita.bishop@aol.com,"8123 Wild Horse St. ","Staten Island",NY,10301
1073,Leeanne,Cross,NULL,leeanne.cross@yahoo.com,"424 Newcastle Road ",Bayside,NY,11361
634,Taylor,Cole,NULL,taylor.cole@gmail.com,"9408 Holly Lane ",Carmel,NY,10512
1159,Charlene,Norris,NULL,charlene.norris@msn.com,"972 South Sierra Drive ",Syosset,NY,11791
654,Eun,Harris,"(619) 378-2432",eun.harris@gmail.com,"623 Jones St. ","San Diego",CA,92111
560,Tricia,Daniels,NULL,tricia.daniels@gmail.com,"8628 Crescent Court ",Forney,TX,75126
1444,Ivette,Estes,NULL,ivette.estes@gmail.com,"88 N. Canterbury Ave. ",Canandaigua,NY,14424
118,Le,Wood,NULL,le.wood@yahoo.com,"90 Primrose Dr. ",Pittsford,NY,14534
131,Tanesha,Hampton,NULL,tanesha.hampton@hotmail.com,"19 Belmont Ave. ",Syosset,NY,11791
454,Terese,Palmer,NULL,terese.palmer@hotmail.com,"8 Sugar Drive ","Bay Shore",NY,11706
466,Collen,Hayes,NULL,collen.hayes@yahoo.com,"117 Eagle St. ",Smithtown,NY,11787
1157,Anton,Barton,"(716) 472-3707",anton.barton@msn.com,"7284 East Indian Spring Rd. ",Buffalo,NY,14215
1398,Nevada,Hood,NULL,nevada.hood@aol.com,"515 Bank Rd. ","Hopewell Junction",NY,12533
678,Myron,Johns,NULL,myron.johns@msn.com,"5 N. Woodsman Rd. ",Whitestone,NY,11357
814,Ghislaine,Compton,NULL,ghislaine.compton@aol.com,"8930 Princess St. ",Lindenhurst,NY,11757
1163,Carmela,Hays,NULL,carmela.hays@aol.com,"149 Pennington Ave. ",Lawndale,CA,90260
130,Wes,Stanton,"(248) 247-5074",wes.stanton@msn.com,"8662 Tunnel Street ",Troy,NY,12180
1119,Tora,Dunlap,NULL,tora.dunlap@hotmail.com,"9903 North Halifax Ave. ",Monsey,NY,10952
561,Kandace,Hughes,NULL,kandace.hughes@hotmail.com,"482 Ryan Ave. ","San Lorenzo",CA,94580
973,Margaretta,Clayton,NULL,margaretta.clayton@yahoo.com,"524 San Pablo Ave. ",Ridgecrest,CA,93555
1404,Loyce,Conway,NULL,loyce.conway@aol.com,"729 State Lane ","Central Islip",NY,11722
855,Lean,Stark,NULL,lean.stark@msn.com,"215 Old Pumpkin Hill St. ",Upland,CA,91784
163,Margert,Stevens,NULL,margert.stevens@aol.com,"502 North Poplar St. ",Rome,NY,13440
1040,Shantae,Hammond,NULL,shantae.hammond@hotmail.com,"526 Harvard Drive ",Victoria,TX,77904
27,Santos,Valencia,NULL,santos.valencia@yahoo.com,"7479 Carpenter Street ",Sunnyside,NY,11104
520,Andreas,Herman,NULL,andreas.herman@msn.com,"456 Rock Creek Street ","Mount Vernon",NY,10550
532,Mia,Delgado,NULL,mia.delgado@yahoo.com,"850 Wakehurst Drive ",Coachella,CA,92236
512,Hee,Greer,NULL,hee.greer@hotmail.com,"41 North Garfield Ave. ",Selden,NY,11784
1302,Verda,Gilbert,NULL,verda.gilbert@gmail.com,"54 Hillcrest Drive ","East Northport",NY,11731
550,Felicidad,Golden,NULL,felicidad.golden@yahoo.com,"9712 Coffee Ave. ",Lockport,NY,14094
1093,Alejandrina,Hodges,NULL,alejandrina.hodges@msn.com,"7598 Shadow Brook St. ","Deer Park",NY,11729
673,Adam,Henderson,NULL,adam.henderson@hotmail.com,"167 James St. ","Los Banos",CA,93635
847,Lizette,Ellison,NULL,lizette.ellison@hotmail.com,"865 Sunbeam Street ","Port Washington",NY,11050
901,Lonna,Franks,NULL,lonna.franks@yahoo.com,"667 Brickyard Street ",Ontario,CA,91762
439,Sunshine,Rosario,NULL,sunshine.rosario@aol.com,"1 Chestnut Lane ",Jamaica,NY,11432
1199,Consuela,Collier,NULL,consuela.collier@msn.com,"338 S. Holly Avenue ","North Tonawanda",NY,14120
975,Annis,Sanchez,"(424) 352-6275",annis.sanchez@aol.com,"4 Edgewater Road ","Los Angeles",CA,90008
283,Jaimee,Day,NULL,jaimee.day@aol.com,"7534 Whitemarsh Ave. ",Poughkeepsie,NY,12601
684,Jenny,Bell,NULL,jenny.bell@hotmail.com,"38 Crescent St. ","Niagara Falls",NY,14304
1153,Ara,Vazquez,NULL,ara.vazquez@msn.com,"343 2nd Court ","San Carlos",CA,94070
729,Hue,Dalton,NULL,hue.dalton@hotmail.com,"7940 Oakwood Street ","Apple Valley",CA,92307
190,Toya,Pratt,"(562) 218-6405",toya.pratt@yahoo.com,"485 San Pablo Drive ","Long Beach",NY,11561
985,Milagros,Weber,NULL,milagros.weber@hotmail.com,"7591 Glendale Ave. ",Harlingen,TX,78552
1249,Barbra,Dickerson,NULL,barbra.dickerson@gmail.com,"8424 E. Rockcrest Dr. ",Ridgecrest,CA,93555
1129,Gilberto,Sanders,NULL,gilberto.sanders@hotmail.com,"186 Roehampton Ave. ",Woodside,NY,11377
347,Kanesha,Hudson,"(510) 788-7298",kanesha.hudson@gmail.com,"8293 Gartner Drive ",Oakland,CA,94603
949,Venessa,Frost,NULL,venessa.frost@msn.com,"621 West School Rd. ",Scarsdale,NY,10583
349,Mable,Pratt,NULL,mable.pratt@gmail.com,"254 SW. Temple Street ",Coachella,CA,92236
1051,Tonisha,Fowler,NULL,tonisha.fowler@msn.com,"9270 Valley View Lane ","Huntington Station",NY,11746
1391,Sheryl,Chase,NULL,sheryl.chase@gmail.com,"388 Cedar Avenue ","Floral Park",NY,11001
383,Ashlee,Pena,NULL,ashlee.pena@aol.com,"966 Highland St. ",Whitestone,NY,11357
626,Leigh,Burke,NULL,leigh.burke@hotmail.com,"7651 Creek St. ",Schenectady,NY,12302
1125,Caleb,England,NULL,caleb.england@gmail.com,"649 Marvon St. ",Pleasanton,CA,94566
344,Herta,Rollins,NULL,herta.rollins@msn.com,"287 1st Drive ","Mountain View",CA,94043
681,Reatha,Perez,NULL,reatha.perez@aol.com,"9917 1st St. ",Holbrook,NY,11741
29,Syreeta,Hendricks,NULL,syreeta.hendricks@msn.com,"193 Spruce Road ",Mahopac,NY,10541
770,Lavonda,Stephenson,NULL,lavonda.stephenson@gmail.com,"37 Birchwood Dr. ","Bay Shore",NY,11706
858,Klara,Kim,NULL,klara.kim@gmail.com,"9660 Sherman Lane ",Rome,NY,13440
297,Christia,Carson,NULL,christia.carson@gmail.com,"220 Orchard Street ",Helotes,TX,78023
745,Carolyne,Conley,NULL,carolyne.conley@gmail.com,"431 Lees Creek Drive ","Floral Park",NY,11001
361,Virgina,Berg,NULL,virgina.berg@yahoo.com,"804 South Purple Finch Drive ","Valley Stream",NY,11580
922,Elvia,Cardenas,NULL,elvia.cardenas@hotmail.com,"8 Paris Hill St. ",Massapequa,NY,11758
908,Delmar,Wise,NULL,delmar.wise@yahoo.com,"8355 Kingston Avenue ",Lockport,NY,14094
733,Doreatha,Ford,NULL,doreatha.ford@yahoo.com,"9413 Ryan Ave. ",Huntington,NY,11743
291,Boyce,Burks,NULL,boyce.burks@gmail.com,"879 Harvey Dr. ",Sunnyside,NY,11104
790,Petronila,Gallegos,NULL,petronila.gallegos@gmail.com,"8053 Aspen St. ","Howard Beach",NY,11414
809,Elnora,Simpson,NULL,elnora.simpson@yahoo.com,"7157 Shore Ave. ",Bellmore,NY,11710
250,Ivonne,Yang,"(915) 181-1950",ivonne.yang@gmail.com,"7359 North Lake View St. ","El Paso",TX,79930
81,Zina,Bonner,NULL,zina.bonner@hotmail.com,"9312 8th Street ","San Lorenzo",CA,94580
245,Delila,Hamilton,NULL,delila.hamilton@yahoo.com,"7451 East James Ave. ","Palos Verdes Peninsula",CA,90274
499,Lidia,Ashley,NULL,lidia.ashley@hotmail.com,"8436 Meadow St. ",Baldwinsville,NY,13027
614,Toshia,Cardenas,NULL,toshia.cardenas@gmail.com,"878 Bayberry Street ",Amsterdam,NY,12010
741,Laci,Castro,NULL,laci.castro@hotmail.com,"130 Birchpond Street ","Saint Albans",NY,11412
762,Quyen,Houston,NULL,quyen.houston@gmail.com,"7758 Homewood Dr. ","Central Islip",NY,11722
976,Ayanna,Cherry,NULL,ayanna.cherry@yahoo.com,"8829 Galvin Rd. ",Smithtown,NY,11787
380,Alesia,Horne,NULL,alesia.horne@aol.com,"9229 Amherst Lane ",Selden,NY,11784
530,Selene,Austin,NULL,selene.austin@msn.com,"9042 Linda Circle ",Duarte,CA,91010
343,Jesica,Fields,NULL,jesica.fields@yahoo.com,"318 Country Dr. ",Commack,NY,11725
884,Willian,Hardin,NULL,willian.hardin@msn.com,"836 West Street ",Oswego,NY,13126
1097,Collen,Dennis,NULL,collen.dennis@gmail.com,"284 E. Mill Street ","San Pablo",CA,94806
1081,Carson,Macias,NULL,carson.macias@gmail.com,"7 Pennington St. ","New Rochelle",NY,10801
2,Kasha,Todd,NULL,kasha.todd@yahoo.com,"910 Vine Street ",Campbell,CA,95008
1233,Lise,Hebert,NULL,lise.hebert@gmail.com,"140 East Broad Lane ",Vista,CA,92083
58,Damien,Dorsey,NULL,damien.dorsey@yahoo.com,"161 Old York Street ","Central Islip",NY,11722
606,Sarah,Kirkland,NULL,sarah.kirkland@aol.com,"42 N. Glendale Avenue ","Wappingers Falls",NY,12590
1242,Chauncey,Donaldson,NULL,chauncey.donaldson@aol.com,"7412 Golf Ave. ","Franklin Square",NY,11010
562,Alejandro,Norman,NULL,alejandro.norman@yahoo.com,"8918 Marsh Lane ",Upland,CA,91784
543,Jasmin,Young,NULL,jasmin.young@gmail.com,"337 Beach Street ",Helotes,TX,78023
958,Ciera,Koch,NULL,ciera.koch@gmail.com,"881 Lawrence Drive ",Euless,TX,76039
4,Daryl,Spence,NULL,daryl.spence@aol.com,"988 Pearl Lane ",Uniondale,NY,11553
850,Stephanie,Browning,NULL,stephanie.browning@yahoo.com,"9156 Lantern St. ",Rowlett,TX,75088
1352,Dorothea,Miranda,NULL,dorothea.miranda@aol.com,"7882 Parker St. ",Upland,CA,91784
417,Zoraida,Patton,NULL,zoraida.patton@aol.com,"95 Grand Dr. ","Huntington Station",NY,11746
1137,Dottie,Roberts,NULL,dottie.roberts@aol.com,"8252 Theatre St. ","Port Washington",NY,11050
1196,Ileana,Holt,NULL,ileana.holt@msn.com,"817 Adams St. ",Patchogue,NY,11772
1271,Roy,Chan,NULL,roy.chan@hotmail.com,"7578 Middle River St. ",Pomona,CA,91768
79,Ashanti,Parks,NULL,ashanti.parks@hotmail.com,"846 N. Helen St. ",Baldwin,NY,11510
660,Shara,Pope,NULL,shara.pope@msn.com,"194 Amherst Dr. ",Ridgecrest,CA,93555
1162,Carmelina,Sellers,NULL,carmelina.sellers@hotmail.com,"12 Race St. ",Ithaca,NY,14850
295,Danny,Kim,NULL,danny.kim@msn.com,"74 Essex Drive ","South Ozone Park",NY,11420
1246,Dale,Rasmussen,NULL,dale.rasmussen@aol.com,"8590 Adams Street ",Kingston,NY,12401
173,Marquerite,Dawson,NULL,marquerite.dawson@gmail.com,"37 Hamilton Court ",Garland,TX,75043
207,Michel,Blankenship,NULL,michel.blankenship@msn.com,"382 West Hill Dr. ",Forney,TX,75126
805,Phillis,Fowler,NULL,phillis.fowler@aol.com,"8976 N. Hall Street ","Clifton Park",NY,12065
672,Elma,Molina,NULL,elma.molina@msn.com,"8565 Devon Ave. ","New Rochelle",NY,10801
1312,Tereasa,Bird,NULL,tereasa.bird@aol.com,"7526 Vine Drive ",Ronkonkoma,NY,11779
38,Zelma,Browning,NULL,zelma.browning@aol.com,"296 Second Street ",Astoria,NY,11102
200,Ashely,Holmes,NULL,ashely.holmes@aol.com,"45 High Ridge Ave. ",Farmingdale,NY,11735
382,Collin,Webster,NULL,collin.webster@aol.com,"475 Cottage Rd. ","Howard Beach",NY,11414
625,Donnetta,Henson,NULL,donnetta.henson@hotmail.com,"2 Tallwood Drive ",Webster,NY,14580
1399,Angelika,Perry,NULL,angelika.perry@msn.com,"7684 South Branch Drive ",Canandaigua,NY,14424
845,Kathyrn,Bush,NULL,kathyrn.bush@gmail.com,"90 Devon St. ",Bronx,NY,10451
864,Lore,Sykes,"(716) 382-5169",lore.sykes@aol.com,"7050 Beach Drive ",Buffalo,NY,14215
870,Dwain,Carlson,NULL,dwain.carlson@gmail.com,"951 North Trusel Ave. ",Smithtown,NY,11787
969,Jennell,Solis,"(507) 421-7354",jennell.solis@hotmail.com,"194 2nd Rd. ",Rochester,NY,14606
962,Maple,Griffin,NULL,maple.griffin@gmail.com,"20 Glendale Drive ","Copperas Cove",TX,76522
1138,Hubert,Stone,NULL,hubert.stone@hotmail.com,"203 Penn St. ",Ridgecrest,CA,93555
897,Bettyann,Acosta,"(717) 746-6658",bettyann.acosta@gmail.com,"7949 Chapel St. ",Lancaster,NY,14086
500,Moira,Lester,NULL,moira.lester@msn.com,"496 Greystone Court ","Jackson Heights",NY,11372
910,Elenore,William,NULL,elenore.william@msn.com,"23 Rockland St. ",Mcallen,TX,78501
147,Bernetta,Marquez,NULL,bernetta.marquez@hotmail.com,"626 E. Dunbar Street ",Smithtown,NY,11787
832,Pamala,Fowler,NULL,pamala.fowler@gmail.com,"399 Leatherwood St. ","Ballston Spa",NY,12020
939,Maximina,Hutchinson,"(361) 164-3098",maximina.hutchinson@hotmail.com,"53 Stillwater Avenue ","Corpus Christi",TX,78418
184,Klara,Stanley,NULL,klara.stanley@aol.com,"603 Mechanic St. ",Webster,NY,14580
694,Lanie,Dunn,NULL,lanie.dunn@gmail.com,"7583 Pilgrim Ave. ","North Tonawanda",NY,14120
124,Jeni,Booker,NULL,jeni.booker@gmail.com,"546 Railroad Dr. ","South El Monte",CA,91733
49,Caroll,Hays,NULL,caroll.hays@yahoo.com,"9381 Wrangler St. ",Fairport,NY,14450
1113,Kendra,Harrington,NULL,kendra.harrington@yahoo.com,"768 Cooper Street ",Jamestown,NY,14701
119,Thalia,Dillard,NULL,thalia.dillard@yahoo.com,"987 NE. Gates Street ","San Angelo",TX,76901
433,Holly,Nieves,NULL,holly.nieves@aol.com,"60 Cleveland St. ",Longview,TX,75604
137,Shonta,Mercer,NULL,shonta.mercer@aol.com,"319 NE. La Sierra Avenue ",Massapequa,NY,11758
166,Lena,Mills,NULL,lena.mills@yahoo.com,"42 Homestead St. ",Woodhaven,NY,11421
698,Charleen,Joyner,NULL,charleen.joyner@aol.com,"735 N. John Dr. ",Corona,NY,11368
391,Vernita,Ball,NULL,vernita.ball@gmail.com,"126 Arnold Dr. ","Los Banos",CA,93635
87,Yan,Mcgowan,NULL,yan.mcgowan@msn.com,"8960 Newport Ave. ",Duarte,CA,91010
1072,Maryalice,Henry,NULL,maryalice.henry@msn.com,"85 Prince Street ",Richardson,TX,75080
255,Flossie,Holder,NULL,flossie.holder@msn.com,"8459 W. Newport Court ","Massapequa Park",NY,11762
232,Freddie,Mathis,NULL,freddie.mathis@hotmail.com,"31 Shady St. ",Euless,TX,76039
731,Hilary,Savage,"(805) 753-6881",hilary.savage@yahoo.com,"696 Howard Court ",Oxnard,CA,93035
335,Scarlet,Reed,NULL,scarlet.reed@hotmail.com,"151 S. Myers Court ",Bronx,NY,10451
1201,Nita,Guy,NULL,nita.guy@hotmail.com,"75 Academy Street ","Port Chester",NY,10573
646,Ann,Heath,NULL,ann.heath@msn.com,"413 East St. ","South El Monte",CA,91733
531,Kimberely,Bowen,"(248) 199-2582",kimberely.bowen@hotmail.com,"88 Belmont Street ",Troy,NY,12180
1143,Sommer,Hopkins,NULL,sommer.hopkins@gmail.com,"827 Laurel Ave. ",Tonawanda,NY,14150
1336,Joe,Melton,NULL,joe.melton@gmail.com,"8998 Hartford Street ","New Windsor",NY,12553
953,Kattie,Stevenson,NULL,kattie.stevenson@aol.com,"52 Carson Street ",Helotes,TX,78023
284,Susann,Bass,NULL,susann.bass@msn.com,"21 Old Rock Maple Ave. ",Commack,NY,11725
1104,Khalilah,Robertson,NULL,khalilah.robertson@aol.com,"22 Longbranch Rd. ","Spring Valley",NY,10977
1291,Shiloh,Bates,NULL,shiloh.bates@msn.com,"15 Wellington Dr. ",Monsey,NY,10952
572,Wm,Pope,NULL,wm.pope@msn.com,"212 Marsh Court ",Auburn,NY,13021
842,Giselle,Robles,NULL,giselle.robles@hotmail.com,"9747 N. El Dorado Dr. ","San Angelo",TX,76901
701,Alysia,Nicholson,"(805) 493-7311",alysia.nicholson@hotmail.com,"868 Trusel St. ",Oxnard,CA,93035
1152,Tuyet,Rosa,NULL,tuyet.rosa@aol.com,"9038 Golden Star Street ","South El Monte",CA,91733
141,Ramiro,Byers,NULL,ramiro.byers@gmail.com,"16 Pleasant St. ","Saint Albans",NY,11412
564,Bettie,Pierce,NULL,bettie.pierce@gmail.com,"787 North Vernon Lane ",Farmingdale,NY,11735
841,Manie,Maxwell,NULL,manie.maxwell@gmail.com,"85 Brickell Ave. ",Ronkonkoma,NY,11779
946,Angella,Bridges,NULL,angella.bridges@yahoo.com,"8708 Sycamore St. ",Pittsford,NY,14534
135,Dorthey,Jackson,"(281) 926-8010",dorthey.jackson@msn.com,"9768 Brookside St. ",Houston,TX,77016
671,Jennette,Baker,NULL,jennette.baker@gmail.com,"798 Marvon St. ",Banning,CA,92220
448,Janella,Bright,"(507) 616-2958",janella.bright@aol.com,"7317 Tower Dr. ",Rochester,NY,14606
1385,Kenton,Hughes,NULL,kenton.hughes@gmail.com,"632 Sleepy Hollow Drive ",Canandaigua,NY,14424
690,Yevette,Elliott,NULL,yevette.elliott@aol.com,"182 Euclid Street ","Jackson Heights",NY,11372
968,Jonna,Brown,NULL,jonna.brown@aol.com,"1 Spring Drive ",Mahopac,NY,10541
490,Yu,Mcdonald,NULL,yu.mcdonald@aol.com,"784 Pheasant Rd. ",Ossining,NY,10562
496,Shu,Mays,NULL,shu.mays@gmail.com,"996 St Margarets Lane ",Astoria,NY,11102
56,Lolita,Mosley,"(281) 363-3309",lolita.mosley@hotmail.com,"376 S. High Ridge St. ",Houston,TX,77016
367,Blanca,Hooper,NULL,blanca.hooper@msn.com,"340 Bald Hill St. ","Ozone Park",NY,11417
592,Joni,Lee,NULL,joni.lee@gmail.com,"8573 Proctor Street ",Centereach,NY,11720
1018,Carita,Salinas,NULL,carita.salinas@yahoo.com,"90 Griffin Street ",Maspeth,NY,11378
1298,Trudy,Riddle,NULL,trudy.riddle@aol.com,"8943 Johnson Street ",Schenectady,NY,12302
1343,Jama,Rodriquez,NULL,jama.rodriquez@msn.com,"681 Smith Dr. ",Upland,CA,91784
430,Kandi,Mcneil,NULL,kandi.mcneil@msn.com,"402 Border Street ","Massapequa Park",NY,11762
794,Donette,Mccarthy,NULL,donette.mccarthy@yahoo.com,"500 NW. Maiden Dr. ","Redondo Beach",CA,90278
249,Magda,Eaton,NULL,magda.eaton@aol.com,"860 Middle River Street ",Ossining,NY,10562
700,Collene,Knox,"(361) 760-1523",collene.knox@msn.com,"7 North Branch Lane ","Corpus Christi",TX,78418
1363,Nestor,Haynes,"(281) 969-4579",nestor.haynes@msn.com,"27 Nut Swamp Street ",Houston,TX,77016
772,Latricia,Lindsey,NULL,latricia.lindsey@hotmail.com,"288 Campfire Dr. ","Yorktown Heights",NY,10598
1015,Nichelle,Rosario,NULL,nichelle.rosario@hotmail.com,"709 Dunbar Ave. ","Garden City",NY,11530
432,Julius,Holt,NULL,julius.holt@aol.com,"386 Lower River Street ","East Meadow",NY,11554
479,Gertha,Mejia,NULL,gertha.mejia@yahoo.com,"518 Orchard St. ",Flushing,NY,11354
653,Florencio,Davenport,NULL,florencio.davenport@yahoo.com,"8759 Brookside Ave. ",Jamestown,NY,14701
863,Shonta,Preston,NULL,shonta.preston@msn.com,"74 Division St. ",Utica,NY,13501
992,Chere,Alston,NULL,chere.alston@gmail.com,"16 Lower River Street ",Patchogue,NY,11772
154,Jenise,Preston,NULL,jenise.preston@yahoo.com,"9 Littleton Drive ",Helotes,TX,78023
374,Candelaria,Coffey,NULL,candelaria.coffey@aol.com,"45 Newport Lane ",Merrick,NY,11566
619,Ana,Palmer,"(657) 323-8684",ana.palmer@yahoo.com,"7 Buckingham St. ",Anaheim,CA,92806
607,Paul,Lester,NULL,paul.lester@gmail.com,"275 Clay St. ",Vista,CA,92083
1057,Conchita,Boone,NULL,conchita.boone@gmail.com,"814 Birchpond Lane ","Mount Vernon",NY,10550
78,Chi,Goff,NULL,chi.goff@aol.com,"3 W. Glen Ridge Avenue ","Palos Verdes Peninsula",CA,90274
340,Yanira,Bradshaw,NULL,yanira.bradshaw@gmail.com,"7484 Ann Court ",Smithtown,NY,11787
1105,Armando,Black,NULL,armando.black@gmail.com,"8611 N. Poor House St. ",Richardson,TX,75080
95,Letitia,Franco,NULL,letitia.franco@aol.com,"607 Lakeview Drive ","Saratoga Springs",NY,12866
420,Vince,Schneider,NULL,vince.schneider@hotmail.com,"473 Corona Ave. ",Merrick,NY,11566
234,Winfred,Harris,NULL,winfred.harris@msn.com,"734 Glen Eagles St. ","East Meadow",NY,11554
1148,Lenore,Valdez,NULL,lenore.valdez@msn.com,"829 Birchpond Street ","Spring Valley",NY,10977
315,Justina,Jenkins,NULL,justina.jenkins@yahoo.com,"8236 Creek St. ",Baldwin,NY,11510
1222,Geraldine,O'donnell,NULL,geraldine.o'donnell@hotmail.com,"8241 Lookout Rd. ",Flushing,NY,11354
524,Larraine,Horn,NULL,larraine.horn@msn.com,"368 South Summerhouse Dr. ",Utica,NY,13501
1164,Patrina,Tanner,NULL,patrina.tanner@gmail.com,"7136 Selby Road ",Scarsdale,NY,10583
1203,Georgeann,Rojas,NULL,georgeann.rojas@msn.com,"691 Devon Ave. ",Desoto,TX,75115
629,Evelina,Byrd,"(716) 601-7704",evelina.byrd@msn.com,"628 S. Church St. ",Buffalo,NY,14215
1251,Nanette,Roman,NULL,nanette.roman@yahoo.com,"8254 North Riverview Street ",Glendora,CA,91740
811,Shanti,Johnston,NULL,shanti.johnston@gmail.com,"722 Alderwood Drive ","Staten Island",NY,10301
301,Annett,Garrett,NULL,annett.garrett@yahoo.com,"19 Euclid Lane ",Scarsdale,NY,10583
1319,Claris,Santiago,NULL,claris.santiago@msn.com,"763 Mountainview Dr. ",Newburgh,NY,12550
221,Clementine,Mooney,NULL,clementine.mooney@yahoo.com,"678 Charles Court ",Mcallen,TX,78501
725,Carola,Mcpherson,NULL,carola.mcpherson@hotmail.com,"578 Shirley Dr. ","Rego Park",NY,11374
1181,Agustina,Lawrence,NULL,agustina.lawrence@yahoo.com,"9347 Delaware Ave. ",Brooklyn,NY,11201
294,Clementina,Sargent,NULL,clementina.sargent@hotmail.com,"9853 Catherine Road ",Rome,NY,13440
415,Gwendolyn,Miller,NULL,gwendolyn.miller@msn.com,"90 Fordham Ave. ",Harlingen,TX,78552
993,Giovanna,Jefferson,NULL,giovanna.jefferson@gmail.com,"9394 Riverside St. ",Ridgecrest,CA,93555
10,Pamelia,Newman,NULL,pamelia.newman@gmail.com,"476 Chestnut Ave. ",Monroe,NY,10950
45,Bennett,Armstrong,NULL,bennett.armstrong@aol.com,"688 Walnut Street ",Bethpage,NY,11714
666,Brittni,Green,NULL,brittni.green@msn.com,"842 El Dorado Lane ","Floral Park",NY,11001
246,Dionne,Norris,NULL,dionne.norris@yahoo.com,"9993 Greenview Circle ","Niagara Falls",NY,14304
674,Ira,Moore,NULL,ira.moore@gmail.com,"1 Pineknoll Court ","Saratoga Springs",NY,12866
431,Luciano,Marsh,NULL,luciano.marsh@aol.com,"7685 South Willow Drive ",Bellmore,NY,11710
1000,Shiloh,Reeves,NULL,shiloh.reeves@msn.com,"818 Kirkland Lane ","West Babylon",NY,11704
1215,Karl,Stephens,NULL,karl.stephens@gmail.com,"208 Thatcher Rd. ","Rockville Centre",NY,11570
406,Kerrie,O'neill,NULL,kerrie.o'neill@gmail.com,"69 Wellington Ave. ",Shirley,NY,11967
890,Rosanne,George,NULL,rosanne.george@yahoo.com,"38 Pleasant St. ",Ossining,NY,10562
940,Marina,Hinton,NULL,marina.hinton@yahoo.com,"7440 North Oxford St. ",Encino,CA,91316
455,Sherita,Cherry,NULL,sherita.cherry@gmail.com,"9636 Old Cedarwood Street ",Liverpool,NY,13090
948,Siobhan,Lang,NULL,siobhan.lang@gmail.com,"3 Monroe Lane ",Levittown,NY,11756
1395,Eliseo,Knight,NULL,eliseo.knight@msn.com,"693 Holly Street ",Woodhaven,NY,11421
1332,Novella,Ross,NULL,novella.ross@gmail.com,"9418 Acacia Drive ",Glendora,CA,91740
372,Collene,Roman,NULL,collene.roman@aol.com,"30 North Argyle Dr. ","Wappingers Falls",NY,12590
428,Hipolito,Padilla,NULL,hipolito.padilla@hotmail.com,"311 E. Rose Avenue ","New Rochelle",NY,10801
1133,Dung,King,NULL,dung.king@aol.com,"523 Prairie St. ","West Islip",NY,11795
1059,Season,Harvey,NULL,season.harvey@yahoo.com,"388 Arnold Court ","East Northport",NY,11731
1436,Macie,Ayers,NULL,macie.ayers@msn.com,"8730 Longfellow St. ",Bellmore,NY,11710
662,Loraine,Sykes,NULL,loraine.sykes@yahoo.com,"9239 Windsor Ave. ",Scarsdale,NY,10583
715,Larae,Carney,NULL,larae.carney@msn.com,"9322 Glen Ridge Dr. ",Sunnyside,NY,11104
329,Marilyn,Frank,NULL,marilyn.frank@aol.com,"8878 Branch Street ","Port Chester",NY,10573
597,Rudolf,Moran,NULL,rudolf.moran@gmail.com,"5 Birchwood Rd. ",Maspeth,NY,11378
776,Angelique,Merrill,NULL,angelique.merrill@gmail.com,"8490 West High Noon Ave. ","South El Monte",CA,91733
1346,Sanora,Webster,"(424) 464-7290",sanora.webster@msn.com,"74 Beach St. ","Los Angeles",CA,90008
1139,Gabriella,Jones,NULL,gabriella.jones@hotmail.com,"9100 Gates Ave. ","Mount Vernon",NY,10550
883,Gilberte,Duke,"(915) 903-7860",gilberte.duke@gmail.com,"12 Birchwood Dr. ","El Paso",TX,79930
177,Carissa,Foreman,NULL,carissa.foreman@msn.com,"69C N. Ridge Rd. ",Maspeth,NY,11378
775,Kermit,Hyde,NULL,kermit.hyde@hotmail.com,"87 SE. Carson St. ",Patchogue,NY,11772
477,Arminda,Weber,NULL,arminda.weber@yahoo.com,"6 Hill Field St. ",Bellmore,NY,11710
1402,Sandee,Alvarado,NULL,sandee.alvarado@aol.com,"69 Bowman Street ",Depew,NY,14043
162,Kam,Wilder,NULL,kam.wilder@hotmail.com,"500 West Clay Ave. ",Newburgh,NY,12550
644,Valentin,Mclaughlin,NULL,valentin.mclaughlin@hotmail.com,"56 Squaw Creek Street ",Lindenhurst,NY,11757
473,Lashawna,Richardson,NULL,lashawna.richardson@hotmail.com,"9920 Purple Finch St. ",Baldwin,NY,11510
1177,Charlesetta,Soto,NULL,charlesetta.soto@yahoo.com,"25 South Colonial Drive ",Poughkeepsie,NY,12601
1230,Jesus,Burch,NULL,jesus.burch@hotmail.com,"7024 Squaw Creek Street ",Desoto,TX,75115
446,Nathanael,Bradley,NULL,nathanael.bradley@aol.com,"58 Third St. ",Amsterdam,NY,12010
902,Elease,Dejesus,NULL,elease.dejesus@gmail.com,"7800 Magnolia Street ",Oswego,NY,13126
974,Marcell,Barrett,NULL,marcell.barrett@gmail.com,"266 Elm Drive ",Astoria,NY,11102
1410,Lurlene,Finch,"(914) 367-7691",lurlene.finch@msn.com,"849 Magnolia St. ",Yonkers,NY,10701
97,Louanne,Martin,NULL,louanne.martin@hotmail.com,"1 Campfire Ave. ","Yuba City",CA,95993
868,Domingo,Casey,"(408) 761-9212",domingo.casey@msn.com,"8665 Cypress Street ","San Jose",CA,95127
844,Felica,Munoz,NULL,felica.munoz@aol.com,"24 West Rockwell Dr. ","South Ozone Park",NY,11420
1416,Miranda,Kennedy,NULL,miranda.kennedy@gmail.com,"726 East High St. ",Astoria,NY,11102
358,Kandace,Giles,NULL,kandace.giles@msn.com,"30 NE. Walt Whitman Drive ",Wantagh,NY,11793
394,Virgen,Clemons,NULL,virgen.clemons@gmail.com,"354 Cactus Drive ","South El Monte",CA,91733
829,Marcy,Rodriguez,NULL,marcy.rodriguez@gmail.com,"97 Trusel Drive ",Lockport,NY,14094
661,Trena,Hudson,NULL,trena.hudson@hotmail.com,"135 Grand Ave. ",Monroe,NY,10950
386,Nelle,Beck,NULL,nelle.beck@aol.com,"8998 Wakehurst Drive ",Upland,CA,91784
1046,Dane,Mcdaniel,NULL,dane.mcdaniel@hotmail.com,"891 Court Ave. ",Canandaigua,NY,14424
784,Debbra,Jacobson,NULL,debbra.jacobson@yahoo.com,"8316 West Bedford Ave. ","Ballston Spa",NY,12020
224,Moses,Pope,NULL,moses.pope@yahoo.com,"654 Theatre Street ",Lawndale,CA,90260
214,Ross,Pugh,NULL,ross.pugh@msn.com,"8598 Saxon St. ","North Tonawanda",NY,14120
1206,Mercy,Brown,NULL,mercy.brown@msn.com,"8207 Central Street ",Hollis,NY,11423
1024,Coleman,Boyd,"(915) 607-6336",coleman.boyd@yahoo.com,"9740 Bay Meadows Drive ","El Paso",TX,79930
196,Edythe,Valencia,NULL,edythe.valencia@yahoo.com,"9346 Wall St. ","North Tonawanda",NY,14120
507,Sheree,Pena,NULL,sheree.pena@yahoo.com,"822 Virginia Court ","Staten Island",NY,10301
871,Erlinda,Humphrey,NULL,erlinda.humphrey@hotmail.com,"532 South Victoria St. ","New Windsor",NY,12553
1396,Delma,Bailey,"(657) 454-8493",delma.bailey@gmail.com,"9883 West King Lane ",Anaheim,CA,92806
1195,Chantell,Bridges,"(716) 941-6072",chantell.bridges@yahoo.com,"8478 N. Wrangler Dr. ",Buffalo,NY,14215
1038,Garry,Juarez,NULL,garry.juarez@hotmail.com,"670 Nut Swamp Drive ","Forest Hills",NY,11375
830,Edmund,Gaines,NULL,edmund.gaines@gmail.com,"8643 Gartner St. ","Copperas Cove",TX,76522
171,Miriam,Baker,NULL,miriam.baker@hotmail.com,"90 Studebaker St. ",Uniondale,NY,11553
384,Aimee,Merritt,NULL,aimee.merritt@yahoo.com,"537 East Meadowbrook St. ",Flushing,NY,11354
651,Laure,Pena,NULL,laure.pena@yahoo.com,"9849 West Elmwood St. ","Wappingers Falls",NY,12590
1293,Sally,Kinney,NULL,sally.kinney@msn.com,"7565 High Dr. ","Floral Park",NY,11001
1320,Obdulia,Barber,NULL,obdulia.barber@gmail.com,"878 Lexington Rd. ",Newburgh,NY,12550
857,Inga,Koch,NULL,inga.koch@msn.com,"8445 South New Court ","New Windsor",NY,12553
376,Elanor,Patrick,NULL,elanor.patrick@aol.com,"51 Howard Ave. ",Victoria,TX,77904
47,Bridgette,Guerra,NULL,bridgette.guerra@hotmail.com,"9982 Manor Drive ","San Lorenzo",CA,94580
352,Josef,Greer,NULL,josef.greer@gmail.com,"92 Summer Court ",Jamaica,NY,11432
605,Renita,Henry,NULL,renita.henry@msn.com,"474 Woodland Ave. ","New Rochelle",NY,10801
971,Samual,Warner,"(631) 151-4988",samual.warner@gmail.com,"8735 Thatcher Dr. ",Brentwood,NY,11717
345,Mi,Gray,"(229) 813-2130",mi.gray@aol.com,"27 Roehampton Dr. ",Albany,NY,12203
1278,Loan,Graham,NULL,loan.graham@yahoo.com,"57 Glen Eagles St. ","Jackson Heights",NY,11372
179,Deane,Sears,NULL,deane.sears@hotmail.com,"3 Bradford Court ",Pittsford,NY,14534
1020,Lorraine,Marks,NULL,lorraine.marks@msn.com,"160 North Pearl Street ","San Carlos",CA,94070
609,Eliana,Reese,NULL,eliana.reese@hotmail.com,"7079 NE. Cross Drive ",Woodhaven,NY,11421
877,Janine,Manning,NULL,janine.manning@gmail.com,"9118B Campfire St. ","Howard Beach",NY,11414
120,Luz,House,"(559) 114-2580",luz.house@gmail.com,"491 Railroad Street ",Fresno,CA,93706
402,Kerrie,Morton,NULL,kerrie.morton@hotmail.com,"8772 State St. ",Pittsford,NY,14534
188,Sharla,Flynn,"(805) 478-7724",sharla.flynn@hotmail.com,"7 Brown Drive ",Oxnard,CA,93035
342,Cassondra,Pruitt,NULL,cassondra.pruitt@aol.com,"4 Alderwood Circle ",Merrick,NY,11566
887,Graig,Cannon,NULL,graig.cannon@gmail.com,"36 Oklahoma Ave. ",Syosset,NY,11791
519,Rudolf,Gilliam,NULL,rudolf.gilliam@aol.com,"17 Marlborough Circle ","Palos Verdes Peninsula",CA,90274
699,Zella,Fernandez,NULL,zella.fernandez@yahoo.com,"8 Marshall Dr. ","Rockville Centre",NY,11570
1068,Doris,Kaufman,NULL,doris.kaufman@gmail.com,"69 Fairground Dr. ",Duarte,CA,91010
215,Judith,Finley,NULL,judith.finley@hotmail.com,"474 West Bank Road ",Whitestone,NY,11357
718,Luciana,Mcgee,NULL,luciana.mcgee@msn.com,"8002 Cross St. ",Selden,NY,11784
881,Chloe,Patel,NULL,chloe.patel@yahoo.com,"407 Homewood Street ","Santa Monica",CA,90403
242,Rutha,Howell,NULL,rutha.howell@gmail.com,"9247 Jones Street ","Canyon Country",CA,91387
781,Tajuana,Riddle,NULL,tajuana.riddle@hotmail.com,"24 St Margarets Ave. ",Bayside,NY,11361
966,Novella,Patel,NULL,novella.patel@gmail.com,"500 Livingston Street ","Glen Cove",NY,11542
628,Ehtel,Cobb,NULL,ehtel.cobb@hotmail.com,"741 Rockville Drive ",Lockport,NY,14094
656,Romana,Barnes,NULL,romana.barnes@yahoo.com,"9776 Shipley Rd. ","Floral Park",NY,11001
769,Agatha,Melton,NULL,agatha.melton@yahoo.com,"89 East Illinois Street ","Springfield Gardens",NY,11413
68,Jayne,Kirkland,NULL,jayne.kirkland@hotmail.com,"7800 Second Lane ",Rowlett,TX,75088
1316,Conrad,Mueller,NULL,conrad.mueller@yahoo.com,"3 Myrtle St. ",Massapequa,NY,11758
233,Mariana,Strong,NULL,mariana.strong@msn.com,"972 Dunbar Dr. ","Santa Clara",CA,95050
1438,Lee,Dunn,"(408) 807-6157",lee.dunn@aol.com,"8626 Grand Ave. ","San Jose",CA,95127
957,Stephen,Vega,"(657) 288-3778",stephen.vega@msn.com,"5 Briarwood St. ",Anaheim,CA,92806
472,Myron,Ruiz,NULL,myron.ruiz@gmail.com,"45 Shadow Brook Lane ",Amityville,NY,11701
1224,Abram,Copeland,NULL,abram.copeland@gmail.com,"9782 Indian Spring Lane ",Harlingen,TX,78552
631,Tressa,Weiss,NULL,tressa.weiss@msn.com,"52 Wild Rose Avenue ",Ossining,NY,10562
804,Douglas,Richards,NULL,douglas.richards@hotmail.com,"221 Arcadia Lane ","Valley Stream",NY,11580
909,Alita,Salinas,NULL,alita.salinas@hotmail.com,"8550 Bear Hill Ave. ",Uniondale,NY,11553
93,Corrina,Sawyer,"(248) 370-1364",corrina.sawyer@yahoo.com,"95 Briarwood Lane ",Troy,NY,12180
265,Mellisa,Farley,NULL,mellisa.farley@yahoo.com,"21 West Princess St. ","Central Islip",NY,11722
73,Melanie,Hayes,NULL,melanie.hayes@msn.com,"5 N. Hall Dr. ",Liverpool,NY,13090
129,Walton,Dejesus,NULL,walton.dejesus@yahoo.com,"15 Washington Rd. ",Lockport,NY,14094
1407,Hugh,Craft,NULL,hugh.craft@msn.com,"8716 Homewood Court ",Centereach,NY,11720
585,Chasidy,Webster,NULL,chasidy.webster@msn.com,"8296 S. Lookout Lane ",Rocklin,CA,95677
736,Genny,Hensley,NULL,genny.hensley@yahoo.com,"8849 Marconi Ave. ","Redondo Beach",CA,90278
537,Carter,Bentley,NULL,carter.bentley@yahoo.com,"145 North Bridle Ave. ",Carmel,NY,10512
1025,Daphine,Willis,NULL,daphine.willis@msn.com,"152 Shady St. ",Farmingdale,NY,11735
138,Jone,Bernard,"(657) 536-5165",jone.bernard@hotmail.com,"99 Longbranch Court ",Anaheim,CA,92806
167,Loreta,Johnston,NULL,loreta.johnston@yahoo.com,"39 Lafayette Dr. ","Spring Valley",NY,10977
525,Andreas,Mayer,NULL,andreas.mayer@hotmail.com,"8577 Galvin Circle ","New Rochelle",NY,10801
278,Myesha,Burgess,NULL,myesha.burgess@gmail.com,"306 Trenton Rd. ",Campbell,CA,95008
618,Skye,Pope,NULL,skye.pope@yahoo.com,"121 S. Bay Meadows Ave. ","Richmond Hill",NY,11418
867,Rosalva,Hamilton,NULL,rosalva.hamilton@aol.com,"9883 Cedar Dr. ",Campbell,CA,95008
142,Nicholas,Vazquez,NULL,nicholas.vazquez@hotmail.com,"9 Roosevelt Street ","West Hempstead",NY,11552
339,Tamela,Harrell,NULL,tamela.harrell@aol.com,"7316 Cypress Rd. ","Central Islip",NY,11722
355,Arvilla,Weiss,NULL,arvilla.weiss@msn.com,"477 Blue Spring St. ","Bay Shore",NY,11706
658,Nicki,Larson,NULL,nicki.larson@yahoo.com,"8317 West Leatherwood Dr. ",Monsey,NY,10952
611,Ashleigh,Frank,NULL,ashleigh.frank@gmail.com,"9008 Plymouth Street ",Levittown,NY,11756
880,Phebe,Turner,NULL,phebe.turner@aol.com,"4 West York Street ",Sunnyside,NY,11104
1184,Annabelle,Hebert,NULL,annabelle.hebert@aol.com,"9745 Nicolls Lane ","Spring Valley",NY,10977
722,Camila,Carroll,"(210) 436-8676",camila.carroll@yahoo.com,"72 Shub Farm Avenue ","San Antonio",TX,78213
1276,Shona,Mcmillan,NULL,shona.mcmillan@msn.com,"57 West Maple Dr. ","Apple Valley",CA,92307
650,Rita,Bailey,NULL,rita.bailey@hotmail.com,"69 Glenwood Street ",Ossining,NY,10562
1390,Genoveva,Lloyd,NULL,genoveva.lloyd@aol.com,"706 Devonshire St. ",Bayside,NY,11361
82,Lizzie,Joyner,NULL,lizzie.joyner@msn.com,"8541 Roberts St. ",Coachella,CA,92236
570,Marissa,Summers,NULL,marissa.summers@msn.com,"81 Carpenter St. ","Saint Albans",NY,11412
1432,Zona,Cameron,NULL,zona.cameron@aol.com,"42 Bridle Court ","East Northport",NY,11731
404,Augustus,Steele,NULL,augustus.steele@aol.com,"7474 N. Orchard St. ","Ballston Spa",NY,12020
457,Jeni,Farley,NULL,jeni.farley@aol.com,"4 Mill Lane ","Richmond Hill",NY,11418
389,Leif,Short,NULL,leif.short@gmail.com,"962 Carpenter Ave. ","San Angelo",TX,76901
1323,Ebony,Cotton,NULL,ebony.cotton@yahoo.com,"8979 Miller St. ","West Babylon",NY,11704
1403,Mila,Moody,"(248) 234-5902",mila.moody@gmail.com,"675 Williams St. ",Troy,NY,12180
248,Cecelia,Gill,NULL,cecelia.gill@aol.com,"372 Silver Spear Dr. ",Mcallen,TX,78501
836,Corinna,Adams,NULL,corinna.adams@msn.com,"38 Trenton Court ",Rosedale,NY,11422
1426,Londa,Gould,"(361) 206-5550",londa.gould@aol.com,"9169 Beech Lane ","Corpus Christi",TX,78418
270,Claudio,Wise,NULL,claudio.wise@hotmail.com,"810 Oxford Ave. ",Kingston,NY,12401
238,Cindi,Larson,NULL,cindi.larson@msn.com,"896 Golden Star Rd. ","Howard Beach",NY,11414
511,Julienne,Moody,"(682) 841-4643",julienne.moody@hotmail.com,"35 South Oxford Rd. ","Fort Worth",TX,76110
1092,Lavinia,Cotton,NULL,lavinia.cotton@yahoo.com,"7485 Bridle Street ","East Northport",NY,11731
1266,Myrl,Gay,NULL,myrl.gay@hotmail.com,"8708 Taylor Lane ",Garland,TX,75043
400,Alfredo,Dodson,NULL,alfredo.dodson@hotmail.com,"8960 Glenholme Dr. ",Depew,NY,14043
1123,Raphael,O'neil,NULL,raphael.o'neil@aol.com,"762 East Lantern Dr. ",Fairport,NY,14450
1190,Romeo,Steele,NULL,romeo.steele@msn.com,"162 Crescent Lane ","Port Jefferson Station",NY,11776
328,Bettie,Glover,NULL,bettie.glover@gmail.com,"9083 Addison Dr. ",Euless,TX,76039
687,Cecilia,Camacho,NULL,cecilia.camacho@yahoo.com,"682 Mountainview Rd. ",Desoto,TX,75115
1423,Dollie,Cervantes,"(682) 362-7457",dollie.cervantes@aol.com,"8828 Applegate Drive ","Fort Worth",TX,76110
1158,Vito,Pickett,NULL,vito.pickett@hotmail.com,"93 High Point Street ",Canandaigua,NY,14424
1287,Victor,Pittman,NULL,victor.pittman@aol.com,"9294 Devon Dr. ",Astoria,NY,11102
461,Effie,Jenkins,"(631) 477-1277",effie.jenkins@msn.com,"75 South Glen Eagles Court ",Brentwood,NY,11717
556,Vernell,Goff,NULL,vernell.goff@msn.com,"77 Cobblestone St. ",Monroe,NY,10950
172,Jeanie,Kirkland,NULL,jeanie.kirkland@aol.com,"7643 Old Theatre St. ","Santa Clara",CA,95050
436,Honey,Camacho,NULL,honey.camacho@gmail.com,"934 2nd St. ",Bayside,NY,11361
1145,Deandrea,Vega,"(914) 818-7312",deandrea.vega@gmail.com,"613 Mill Pond St. ",Yonkers,NY,10701
706,Lolita,O'neill,NULL,lolita.o'neill@aol.com,"36 Prairie Dr. ","Massapequa Park",NY,11762
751,Hermila,Mckay,NULL,hermila.mckay@yahoo.com,"23 Garfield Dr. ",Coachella,CA,92236
723,Vicki,Wiggins,NULL,vicki.wiggins@hotmail.com,"71 Broad Ave. ","Wappingers Falls",NY,12590
1415,Harold,O'connor,NULL,harold.o'connor@gmail.com,"9530 Summerhouse Street ","Santa Cruz",CA,95060
419,Krystin,Marshall,NULL,krystin.marshall@hotmail.com,"10 Old Proctor Lane ",Poughkeepsie,NY,12601
621,Basil,Ballard,NULL,basil.ballard@yahoo.com,"7477 Belmont Ave. ","San Lorenzo",CA,94580
915,Beryl,Bennett,"(916) 422-6956",beryl.bennett@aol.com,"9563 Edgemont St. ",Sacramento,CA,95820
485,Catherine,Miles,NULL,catherine.miles@msn.com,"7189 Elm Dr. ","East Elmhurst",NY,11369
219,Darcie,Morgan,"(442) 618-7068",darcie.morgan@aol.com,"476 East Adams Ave. ",Oceanside,NY,11572
590,Cyndi,Dyer,NULL,cyndi.dyer@msn.com,"313 West Argyle Ave. ",Baldwin,NY,11510
645,Lewis,Garner,"(631) 871-2512",lewis.garner@gmail.com,"9550 East Greenrose St. ",Brentwood,NY,11717
354,Tonda,Armstrong,NULL,tonda.armstrong@aol.com,"19 Forest Rd. ",Sunnyside,NY,11104
1418,Penni,Best,"(657) 611-2991",penni.best@msn.com,"875 Second Drive ",Anaheim,CA,92806
503,Marlo,Jefferson,NULL,marlo.jefferson@gmail.com,"39 Trenton Rd. ","Niagara Falls",NY,14304
1389,Ulrike,Chan,NULL,ulrike.chan@aol.com,"7949 Lancaster St. ","Port Chester",NY,10573
266,Myung,Hooper,NULL,myung.hooper@gmail.com,"951 Mill Road ",Elmont,NY,11003
1070,Olimpia,Mays,NULL,olimpia.mays@aol.com,"42 Nichols Lane ","Oakland Gardens",NY,11364
1115,Lina,Meadows,NULL,lina.meadows@aol.com,"7020 Ashley Rd. ","Glen Cove",NY,11542
1345,Arie,Hunter,NULL,arie.hunter@msn.com,"66 Old State Rd. ",Flushing,NY,11354
1064,Patsy,Russo,NULL,patsy.russo@gmail.com,"8438 Fairway Avenue ",Rowlett,TX,75088
495,Travis,Goodman,NULL,travis.goodman@yahoo.com,"65 Rockcrest Dr. ","Los Banos",CA,93635
620,Eric,Hardin,NULL,eric.hardin@gmail.com,"39 S. Parker Drive ",Jamaica,NY,11432
174,Babara,Ochoa,NULL,babara.ochoa@aol.com,"872 Smith Store St. ",Scarsdale,NY,10583
748,Oliva,Blackwell,NULL,oliva.blackwell@hotmail.com,"54 Ramblewood St. ",Elmhurst,NY,11373
799,India,Barron,NULL,india.barron@msn.com,"834 W. Pleasant Rd. ",Huntington,NY,11743
1417,Jasper,Castro,NULL,jasper.castro@aol.com,"977 SE. Railroad Road ",Forney,TX,75126
168,Nettie,Mcdaniel,NULL,nettie.mcdaniel@hotmail.com,"7004 E. Wakehurst St. ","South Ozone Park",NY,11420
290,Barry,Buckner,NULL,barry.buckner@gmail.com,"8779 High Noon Rd. ",Centereach,NY,11720
