order_id,product_name,store_name
683,"Ritchey Timberwolf Frameset - 2016","Baldwin Bikes"
777,"Ritchey Timberwolf Frameset - 2016","Baldwin Bikes"
792,"Ritchey Timberwolf Frameset - 2016","Baldwin Bikes"
835,"Ritchey Timberwolf Frameset - 2016","Santa Cruz Bikes"
879,"Ritchey Timberwolf Frameset - 2016","Baldwin Bikes"
912,"Ritchey Timberwolf Frameset - 2016","Santa Cruz Bikes"
915,"Ritchey Timberwolf Frameset - 2016","Baldwin Bikes"
1008,"Ritchey Timberwolf Frameset - 2016","Baldwin Bikes"
1092,"Ritchey Timberwolf Frameset - 2016","Santa Cruz Bikes"
1124,"Ritchey Timberwolf Frameset - 2016","Rowlett Bikes"
1296,"Ritchey Timberwolf Frameset - 2016","Santa Cruz Bikes"
1345,"Ritchey Timberwolf Frameset - 2016","Baldwin Bikes"
1378,"Ritchey Timberwolf Frameset - 2016","Santa Cruz Bikes"
1499,"Ritchey Timberwolf Frameset - 2016","Santa Cruz Bikes"
3,"Surly Wednesday Frameset - 2016","Baldwin Bikes"
4,"Ritchey Timberwolf Frameset - 2016","Santa Cruz Bikes"
6,"Surly Wednesday Frameset - 2016","Baldwin Bikes"
7,"Surly Wednesday Frameset - 2016","Baldwin Bikes"
18,"Ritchey Timberwolf Frameset - 2016","Santa Cruz Bikes"
24,"Surly Wednesday Frameset - 2016","Baldwin Bikes"
26,"Ritchey Timberwolf Frameset - 2016","Baldwin Bikes"
36,"Surly Wednesday Frameset - 2016","Baldwin Bikes"
39,"Surly Wednesday Frameset - 2016","Baldwin Bikes"
50,"Surly Wednesday Frameset - 2016","Rowlett Bikes"
54,"Surly Wednesday Frameset - 2016","Baldwin Bikes"
59,"Ritchey Timberwolf Frameset - 2016","Baldwin Bikes"
63,"Surly Wednesday Frameset - 2016","Baldwin Bikes"
66,"Ritchey Timberwolf Frameset - 2016","Baldwin Bikes"
70,"Surly Wednesday Frameset - 2016","Rowlett Bikes"
73,"Surly Wednesday Frameset - 2016","Baldwin Bikes"
75,"Surly Wednesday Frameset - 2016","Baldwin Bikes"
83,"Surly Wednesday Frameset - 2016","Santa Cruz Bikes"
90,"Surly Wednesday Frameset - 2016","Baldwin Bikes"
93,"Ritchey Timberwolf Frameset - 2016","Santa Cruz Bikes"
97,"Ritchey Timberwolf Frameset - 2016","Baldwin Bikes"
98,"Ritchey Timberwolf Frameset - 2016","Baldwin Bikes"
103,"Surly Wednesday Frameset - 2016","Santa Cruz Bikes"
105,"Surly Wednesday Frameset - 2016","Baldwin Bikes"
114,"Ritchey Timberwolf Frameset - 2016","Baldwin Bikes"
118,"Surly Wednesday Frameset - 2016","Santa Cruz Bikes"
121,"Ritchey Timberwolf Frameset - 2016","Baldwin Bikes"
128,"Surly Wednesday Frameset - 2016","Baldwin Bikes"
132,"Ritchey Timberwolf Frameset - 2016","Santa Cruz Bikes"
134,"Ritchey Timberwolf Frameset - 2016","Baldwin Bikes"
135,"Ritchey Timberwolf Frameset - 2016","Baldwin Bikes"
136,"Surly Wednesday Frameset - 2016","Rowlett Bikes"
139,"Surly Wednesday Frameset - 2016","Baldwin Bikes"
140,"Surly Wednesday Frameset - 2016","Baldwin Bikes"
146,"Surly Wednesday Frameset - 2016","Santa Cruz Bikes"
146,"Ritchey Timberwolf Frameset - 2016","Santa Cruz Bikes"
150,"Surly Wednesday Frameset - 2016","Santa Cruz Bikes"
162,"Surly Wednesday Frameset - 2016","Santa Cruz Bikes"
165,"Ritchey Timberwolf Frameset - 2016","Santa Cruz Bikes"
175,"Ritchey Timberwolf Frameset - 2016","Baldwin Bikes"
176,"Ritchey Timberwolf Frameset - 2016","Baldwin Bikes"
178,"Surly Wednesday Frameset - 2016","Baldwin Bikes"
190,"Surly Wednesday Frameset - 2016","Baldwin Bikes"
191,"Surly Wednesday Frameset - 2016","Santa Cruz Bikes"
192,"Ritchey Timberwolf Frameset - 2016","Baldwin Bikes"
196,"Surly Wednesday Frameset - 2016","Baldwin Bikes"
197,"Ritchey Timberwolf Frameset - 2016","Baldwin Bikes"
203,"Surly Wednesday Frameset - 2016","Rowlett Bikes"
208,"Surly Wednesday Frameset - 2016","Baldwin Bikes"
211,"Ritchey Timberwolf Frameset - 2016","Baldwin Bikes"
218,"Ritchey Timberwolf Frameset - 2016","Baldwin Bikes"
220,"Surly Wednesday Frameset - 2016","Baldwin Bikes"
222,"Ritchey Timberwolf Frameset - 2016","Baldwin Bikes"
226,"Ritchey Timberwolf Frameset - 2016","Santa Cruz Bikes"
227,"Surly Wednesday Frameset - 2016","Baldwin Bikes"
228,"Ritchey Timberwolf Frameset - 2016","Baldwin Bikes"
236,"Surly Wednesday Frameset - 2016","Baldwin Bikes"
236,"Ritchey Timberwolf Frameset - 2016","Baldwin Bikes"
242,"Surly Wednesday Frameset - 2016","Baldwin Bikes"
247,"Surly Wednesday Frameset - 2016","Santa Cruz Bikes"
254,"Surly Wednesday Frameset - 2016","Baldwin Bikes"
255,"Ritchey Timberwolf Frameset - 2016","Baldwin Bikes"
259,"Ritchey Timberwolf Frameset - 2016","Baldwin Bikes"
262,"Ritchey Timberwolf Frameset - 2016","Rowlett Bikes"
263,"Surly Wednesday Frameset - 2016","Baldwin Bikes"
263,"Ritchey Timberwolf Frameset - 2016","Baldwin Bikes"
264,"Surly Wednesday Frameset - 2016","Santa Cruz Bikes"
269,"Surly Wednesday Frameset - 2016","Baldwin Bikes"
272,"Ritchey Timberwolf Frameset - 2016","Baldwin Bikes"
276,"Surly Wednesday Frameset - 2016","Baldwin Bikes"
282,"Surly Wednesday Frameset - 2016","Rowlett Bikes"
285,"Ritchey Timberwolf Frameset - 2016","Santa Cruz Bikes"
287,"Ritchey Timberwolf Frameset - 2016","Baldwin Bikes"
290,"Ritchey Timberwolf Frameset - 2016","Baldwin Bikes"
302,"Ritchey Timberwolf Frameset - 2016","Baldwin Bikes"
305,"Surly Wednesday Frameset - 2016","Baldwin Bikes"
309,"Surly Wednesday Frameset - 2016","Baldwin Bikes"
316,"Ritchey Timberwolf Frameset - 2016","Baldwin Bikes"
320,"Ritchey Timberwolf Frameset - 2016","Santa Cruz Bikes"
324,"Ritchey Timberwolf Frameset - 2016","Baldwin Bikes"
333,"Surly Wednesday Frameset - 2016","Baldwin Bikes"
334,"Surly Wednesday Frameset - 2016","Baldwin Bikes"
335,"Ritchey Timberwolf Frameset - 2016","Baldwin Bikes"
350,"Surly Wednesday Frameset - 2016","Santa Cruz Bikes"
353,"Ritchey Timberwolf Frameset - 2016","Baldwin Bikes"
362,"Ritchey Timberwolf Frameset - 2016","Santa Cruz Bikes"
375,"Ritchey Timberwolf Frameset - 2016","Baldwin Bikes"
376,"Ritchey Timberwolf Frameset - 2016","Baldwin Bikes"
386,"Surly Wednesday Frameset - 2016","Baldwin Bikes"
388,"Ritchey Timberwolf Frameset - 2016","Rowlett Bikes"
389,"Ritchey Timberwolf Frameset - 2016","Santa Cruz Bikes"
392,"Surly Wednesday Frameset - 2016","Santa Cruz Bikes"
400,"Surly Wednesday Frameset - 2016","Baldwin Bikes"
405,"Surly Wednesday Frameset - 2016","Baldwin Bikes"
408,"Surly Wednesday Frameset - 2016","Santa Cruz Bikes"
408,"Ritchey Timberwolf Frameset - 2016","Santa Cruz Bikes"
411,"Ritchey Timberwolf Frameset - 2016","Santa Cruz Bikes"
415,"Surly Wednesday Frameset - 2016","Baldwin Bikes"
420,"Surly Wednesday Frameset - 2016","Santa Cruz Bikes"
421,"Surly Wednesday Frameset - 2016","Santa Cruz Bikes"
423,"Ritchey Timberwolf Frameset - 2016","Baldwin Bikes"
429,"Ritchey Timberwolf Frameset - 2016","Rowlett Bikes"
436,"Surly Wednesday Frameset - 2016","Baldwin Bikes"
437,"Surly Wednesday Frameset - 2016","Baldwin Bikes"
447,"Surly Wednesday Frameset - 2016","Rowlett Bikes"
449,"Ritchey Timberwolf Frameset - 2016","Baldwin Bikes"
457,"Ritchey Timberwolf Frameset - 2016","Santa Cruz Bikes"
458,"Ritchey Timberwolf Frameset - 2016","Baldwin Bikes"
458,"Surly Wednesday Frameset - 2016","Baldwin Bikes"
504,"Ritchey Timberwolf Frameset - 2016","Santa Cruz Bikes"
508,"Ritchey Timberwolf Frameset - 2016","Baldwin Bikes"
524,"Ritchey Timberwolf Frameset - 2016","Santa Cruz Bikes"
524,"Surly Wednesday Frameset - 2016","Santa Cruz Bikes"
526,"Surly Wednesday Frameset - 2016","Baldwin Bikes"
530,"Ritchey Timberwolf Frameset - 2016","Baldwin Bikes"
534,"Ritchey Timberwolf Frameset - 2016","Baldwin Bikes"
536,"Ritchey Timberwolf Frameset - 2016","Santa Cruz Bikes"
538,"Ritchey Timberwolf Frameset - 2016","Baldwin Bikes"
549,"Surly Wednesday Frameset - 2016","Rowlett Bikes"
552,"Ritchey Timberwolf Frameset - 2016","Baldwin Bikes"
554,"Surly Wednesday Frameset - 2016","Santa Cruz Bikes"
570,"Surly Wednesday Frameset - 2016","Baldwin Bikes"
572,"Surly Wednesday Frameset - 2016","Baldwin Bikes"
573,"Ritchey Timberwolf Frameset - 2016","Baldwin Bikes"
577,"Surly Wednesday Frameset - 2016","Baldwin Bikes"
590,"Ritchey Timberwolf Frameset - 2016","Baldwin Bikes"
591,"Ritchey Timberwolf Frameset - 2016","Baldwin Bikes"
593,"Surly Wednesday Frameset - 2016","Rowlett Bikes"
595,"Surly Wednesday Frameset - 2016","Santa Cruz Bikes"
610,"Surly Wednesday Frameset - 2016","Baldwin Bikes"
650,"Surly Wednesday Frameset - 2016","Santa Cruz Bikes"
653,"Ritchey Timberwolf Frameset - 2016","Santa Cruz Bikes"
667,"Surly Wednesday Frameset - 2016","Baldwin Bikes"
702,"Surly Wednesday Frameset - 2016","Santa Cruz Bikes"
722,"Surly Wednesday Frameset - 2016","Baldwin Bikes"
734,"Surly Wednesday Frameset - 2016","Rowlett Bikes"
739,"Surly Wednesday Frameset - 2016","Baldwin Bikes"
754,"Surly Wednesday Frameset - 2016","Santa Cruz Bikes"
807,"Surly Wednesday Frameset - 2016","Baldwin Bikes"
927,"Surly Wednesday Frameset - 2016","Santa Cruz Bikes"
1037,"Surly Wednesday Frameset - 2016","Baldwin Bikes"
1048,"Surly Wednesday Frameset - 2016","Baldwin Bikes"
1049,"Surly Wednesday Frameset - 2016","Santa Cruz Bikes"
1056,"Surly Wednesday Frameset - 2016","Baldwin Bikes"
1095,"Surly Wednesday Frameset - 2016","Rowlett Bikes"
1175,"Surly Wednesday Frameset - 2016","Baldwin Bikes"
1289,"Surly Wednesday Frameset - 2016","Santa Cruz Bikes"
1324,"Surly Wednesday Frameset - 2016","Baldwin Bikes"
1344,"Surly Wednesday Frameset - 2016","Baldwin Bikes"
1558,"Trek Fuel EX 8 29 - 2016","Baldwin Bikes"
1,"Trek Fuel EX 8 29 - 2016","Santa Cruz Bikes"
12,"Trek Fuel EX 8 29 - 2016","Santa Cruz Bikes"
23,"Trek Fuel EX 8 29 - 2016","Santa Cruz Bikes"
30,"Trek Fuel EX 8 29 - 2016","Baldwin Bikes"
45,"Trek Fuel EX 8 29 - 2016","Baldwin Bikes"
48,"Trek Fuel EX 8 29 - 2016","Baldwin Bikes"
60,"Trek Fuel EX 8 29 - 2016","Santa Cruz Bikes"
85,"Trek Fuel EX 8 29 - 2016","Baldwin Bikes"
94,"Trek Fuel EX 8 29 - 2016","Santa Cruz Bikes"
118,"Trek Fuel EX 8 29 - 2016","Santa Cruz Bikes"
121,"Trek Fuel EX 8 29 - 2016","Baldwin Bikes"
124,"Trek Fuel EX 8 29 - 2016","Santa Cruz Bikes"
127,"Trek Fuel EX 8 29 - 2016","Rowlett Bikes"
128,"Trek Fuel EX 8 29 - 2016","Baldwin Bikes"
131,"Trek Fuel EX 8 29 - 2016","Rowlett Bikes"
157,"Trek Fuel EX 8 29 - 2016","Rowlett Bikes"
164,"Trek Fuel EX 8 29 - 2016","Baldwin Bikes"
165,"Trek Fuel EX 8 29 - 2016","Santa Cruz Bikes"
184,"Trek Fuel EX 8 29 - 2016","Baldwin Bikes"
186,"Trek Fuel EX 8 29 - 2016","Baldwin Bikes"
195,"Trek Fuel EX 8 29 - 2016","Baldwin Bikes"
197,"Trek Fuel EX 8 29 - 2016","Baldwin Bikes"
199,"Trek Fuel EX 8 29 - 2016","Baldwin Bikes"
208,"Trek Fuel EX 8 29 - 2016","Baldwin Bikes"
228,"Trek Fuel EX 8 29 - 2016","Baldwin Bikes"
236,"Trek Fuel EX 8 29 - 2016","Baldwin Bikes"
239,"Trek Fuel EX 8 29 - 2016","Rowlett Bikes"
252,"Trek Fuel EX 8 29 - 2016","Rowlett Bikes"
258,"Trek Fuel EX 8 29 - 2016","Baldwin Bikes"
259,"Trek Fuel EX 8 29 - 2016","Baldwin Bikes"
288,"Trek Fuel EX 8 29 - 2016","Baldwin Bikes"
292,"Trek Fuel EX 8 29 - 2016","Rowlett Bikes"
297,"Trek Fuel EX 8 29 - 2016","Baldwin Bikes"
313,"Trek Fuel EX 8 29 - 2016","Rowlett Bikes"
321,"Trek Fuel EX 8 29 - 2016","Baldwin Bikes"
327,"Trek Fuel EX 8 29 - 2016","Baldwin Bikes"
336,"Trek Fuel EX 8 29 - 2016","Baldwin Bikes"
337,"Trek Fuel EX 8 29 - 2016","Baldwin Bikes"
351,"Trek Fuel EX 8 29 - 2016","Santa Cruz Bikes"
356,"Trek Fuel EX 8 29 - 2016","Baldwin Bikes"
366,"Trek Fuel EX 8 29 - 2016","Rowlett Bikes"
370,"Trek Fuel EX 8 29 - 2016","Baldwin Bikes"
375,"Trek Fuel EX 8 29 - 2016","Baldwin Bikes"
384,"Trek Fuel EX 8 29 - 2016","Baldwin Bikes"
406,"Trek Fuel EX 8 29 - 2016","Baldwin Bikes"
414,"Trek Fuel EX 8 29 - 2016","Baldwin Bikes"
421,"Trek Fuel EX 8 29 - 2016","Santa Cruz Bikes"
429,"Trek Fuel EX 8 29 - 2016","Rowlett Bikes"
430,"Trek Fuel EX 8 29 - 2016","Baldwin Bikes"
433,"Trek Fuel EX 8 29 - 2016","Baldwin Bikes"
438,"Trek Fuel EX 8 29 - 2016","Rowlett Bikes"
440,"Trek Fuel EX 8 29 - 2016","Baldwin Bikes"
447,"Trek Fuel EX 8 29 - 2016","Rowlett Bikes"
453,"Trek Fuel EX 8 29 - 2016","Baldwin Bikes"
460,"Trek Fuel EX 8 29 - 2016","Rowlett Bikes"
461,"Trek Fuel EX 8 29 - 2016","Baldwin Bikes"
469,"Trek Fuel EX 8 29 - 2016","Baldwin Bikes"
476,"Trek Fuel EX 8 29 - 2016","Baldwin Bikes"
480,"Trek Fuel EX 8 29 - 2016","Santa Cruz Bikes"
509,"Trek Fuel EX 8 29 - 2016","Baldwin Bikes"
515,"Heller Shagamaw Frame - 2016","Baldwin Bikes"
516,"Heller Shagamaw Frame - 2016","Baldwin Bikes"
518,"Heller Shagamaw Frame - 2016","Santa Cruz Bikes"
521,"Heller Shagamaw Frame - 2016","Baldwin Bikes"
522,"Trek Fuel EX 8 29 - 2016","Baldwin Bikes"
523,"Heller Shagamaw Frame - 2016","Baldwin Bikes"
527,"Trek Fuel EX 8 29 - 2016","Santa Cruz Bikes"
530,"Trek Fuel EX 8 29 - 2016","Baldwin Bikes"
533,"Trek Fuel EX 8 29 - 2016","Baldwin Bikes"
547,"Heller Shagamaw Frame - 2016","Rowlett Bikes"
550,"Trek Fuel EX 8 29 - 2016","Baldwin Bikes"
554,"Trek Fuel EX 8 29 - 2016","Santa Cruz Bikes"
556,"Trek Fuel EX 8 29 - 2016","Rowlett Bikes"
561,"Heller Shagamaw Frame - 2016","Baldwin Bikes"
564,"Trek Fuel EX 8 29 - 2016","Baldwin Bikes"
567,"Heller Shagamaw Frame - 2016","Santa Cruz Bikes"
568,"Heller Shagamaw Frame - 2016","Santa Cruz Bikes"
571,"Trek Fuel EX 8 29 - 2016","Santa Cruz Bikes"
575,"Trek Fuel EX 8 29 - 2016","Santa Cruz Bikes"
590,"Heller Shagamaw Frame - 2016","Baldwin Bikes"
595,"Trek Fuel EX 8 29 - 2016","Santa Cruz Bikes"
596,"Heller Shagamaw Frame - 2016","Santa Cruz Bikes"
598,"Trek Fuel EX 8 29 - 2016","Santa Cruz Bikes"
600,"Trek Fuel EX 8 29 - 2016","Baldwin Bikes"
602,"Heller Shagamaw Frame - 2016","Baldwin Bikes"
603,"Trek Fuel EX 8 29 - 2016","Baldwin Bikes"
608,"Trek Fuel EX 8 29 - 2016","Santa Cruz Bikes"
609,"Heller Shagamaw Frame - 2016","Baldwin Bikes"
620,"Heller Shagamaw Frame - 2016","Baldwin Bikes"
629,"Heller Shagamaw Frame - 2016","Santa Cruz Bikes"
630,"Heller Shagamaw Frame - 2016","Baldwin Bikes"
633,"Heller Shagamaw Frame - 2016","Rowlett Bikes"
634,"Trek Fuel EX 8 29 - 2016","Baldwin Bikes"
635,"Trek Fuel EX 8 29 - 2016","Baldwin Bikes"
646,"Trek Fuel EX 8 29 - 2016","Santa Cruz Bikes"
664,"Heller Shagamaw Frame - 2016","Baldwin Bikes"
671,"Trek Fuel EX 8 29 - 2016","Baldwin Bikes"
673,"Heller Shagamaw Frame - 2016","Rowlett Bikes"
687,"Heller Shagamaw Frame - 2016","Santa Cruz Bikes"
691,"Heller Shagamaw Frame - 2016","Baldwin Bikes"
693,"Heller Shagamaw Frame - 2016","Santa Cruz Bikes"
697,"Heller Shagamaw Frame - 2016","Santa Cruz Bikes"
703,"Trek Fuel EX 8 29 - 2016","Baldwin Bikes"
711,"Heller Shagamaw Frame - 2016","Baldwin Bikes"
712,"Trek Fuel EX 8 29 - 2016","Rowlett Bikes"
716,"Trek Fuel EX 8 29 - 2016","Baldwin Bikes"
732,"Trek Fuel EX 8 29 - 2016","Baldwin Bikes"
777,"Heller Shagamaw Frame - 2016","Baldwin Bikes"
799,"Heller Shagamaw Frame - 2016","Santa Cruz Bikes"
850,"Heller Shagamaw Frame - 2016","Santa Cruz Bikes"
858,"Heller Shagamaw Frame - 2016","Baldwin Bikes"
875,"Heller Shagamaw Frame - 2016","Santa Cruz Bikes"
880,"Heller Shagamaw Frame - 2016","Baldwin Bikes"
883,"Heller Shagamaw Frame - 2016","Baldwin Bikes"
909,"Heller Shagamaw Frame - 2016","Santa Cruz Bikes"
918,"Trek Fuel EX 8 29 - 2016","Santa Cruz Bikes"
938,"Trek Fuel EX 8 29 - 2016","Baldwin Bikes"
939,"Heller Shagamaw Frame - 2016","Baldwin Bikes"
954,"Trek Fuel EX 8 29 - 2016","Baldwin Bikes"
963,"Trek Fuel EX 8 29 - 2016","Baldwin Bikes"
973,"Trek Fuel EX 8 29 - 2016","Baldwin Bikes"
985,"Heller Shagamaw Frame - 2016","Baldwin Bikes"
989,"Heller Shagamaw Frame - 2016","Baldwin Bikes"
1022,"Heller Shagamaw Frame - 2016","Baldwin Bikes"
1062,"Heller Shagamaw Frame - 2016","Baldwin Bikes"
1086,"Heller Shagamaw Frame - 2016","Baldwin Bikes"
1112,"Heller Shagamaw Frame - 2016","Baldwin Bikes"
1133,"Trek Fuel EX 8 29 - 2016","Baldwin Bikes"
1187,"Trek Fuel EX 8 29 - 2016","Baldwin Bikes"
1232,"Trek Fuel EX 8 29 - 2016","Santa Cruz Bikes"
1257,"Trek Fuel EX 8 29 - 2016","Baldwin Bikes"
1269,"Trek Fuel EX 8 29 - 2016","Baldwin Bikes"
1277,"Trek Fuel EX 8 29 - 2016","Baldwin Bikes"
1284,"Trek Fuel EX 8 29 - 2016","Baldwin Bikes"
1295,"Heller Shagamaw Frame - 2016","Baldwin Bikes"
1362,"Trek Fuel EX 8 29 - 2016","Baldwin Bikes"
1376,"Heller Shagamaw Frame - 2016","Santa Cruz Bikes"
14,"Surly Ice Cream Truck Frameset - 2016","Santa Cruz Bikes"
17,"Heller Shagamaw Frame - 2016","Santa Cruz Bikes"
27,"Heller Shagamaw Frame - 2016","Baldwin Bikes"
28,"Heller Shagamaw Frame - 2016","Baldwin Bikes"
28,"Surly Ice Cream Truck Frameset - 2016","Baldwin Bikes"
29,"Surly Ice Cream Truck Frameset - 2016","Baldwin Bikes"
35,"Heller Shagamaw Frame - 2016","Baldwin Bikes"
36,"Heller Shagamaw Frame - 2016","Baldwin Bikes"
41,"Heller Shagamaw Frame - 2016","Baldwin Bikes"
47,"Surly Ice Cream Truck Frameset - 2016","Baldwin Bikes"
48,"Heller Shagamaw Frame - 2016","Baldwin Bikes"
61,"Heller Shagamaw Frame - 2016","Baldwin Bikes"
67,"Heller Shagamaw Frame - 2016","Rowlett Bikes"
69,"Heller Shagamaw Frame - 2016","Baldwin Bikes"
74,"Surly Ice Cream Truck Frameset - 2016","Baldwin Bikes"
76,"Heller Shagamaw Frame - 2016","Baldwin Bikes"
79,"Surly Ice Cream Truck Frameset - 2016","Santa Cruz Bikes"
89,"Heller Shagamaw Frame - 2016","Rowlett Bikes"
89,"Surly Ice Cream Truck Frameset - 2016","Rowlett Bikes"
90,"Surly Ice Cream Truck Frameset - 2016","Baldwin Bikes"
97,"Surly Ice Cream Truck Frameset - 2016","Baldwin Bikes"
109,"Surly Ice Cream Truck Frameset - 2016","Baldwin Bikes"
112,"Heller Shagamaw Frame - 2016","Baldwin Bikes"
113,"Surly Ice Cream Truck Frameset - 2016","Baldwin Bikes"
113,"Heller Shagamaw Frame - 2016","Baldwin Bikes"
118,"Surly Ice Cream Truck Frameset - 2016","Santa Cruz Bikes"
120,"Surly Ice Cream Truck Frameset - 2016","Baldwin Bikes"
121,"Heller Shagamaw Frame - 2016","Baldwin Bikes"
130,"Heller Shagamaw Frame - 2016","Baldwin Bikes"
135,"Heller Shagamaw Frame - 2016","Baldwin Bikes"
138,"Surly Ice Cream Truck Frameset - 2016","Baldwin Bikes"
143,"Surly Ice Cream Truck Frameset - 2016","Baldwin Bikes"
146,"Surly Ice Cream Truck Frameset - 2016","Santa Cruz Bikes"
152,"Surly Ice Cream Truck Frameset - 2016","Baldwin Bikes"
156,"Surly Ice Cream Truck Frameset - 2016","Santa Cruz Bikes"
168,"Surly Ice Cream Truck Frameset - 2016","Santa Cruz Bikes"
169,"Heller Shagamaw Frame - 2016","Baldwin Bikes"
175,"Heller Shagamaw Frame - 2016","Baldwin Bikes"
184,"Heller Shagamaw Frame - 2016","Baldwin Bikes"
186,"Surly Ice Cream Truck Frameset - 2016","Baldwin Bikes"
187,"Heller Shagamaw Frame - 2016","Baldwin Bikes"
195,"Heller Shagamaw Frame - 2016","Baldwin Bikes"
196,"Surly Ice Cream Truck Frameset - 2016","Baldwin Bikes"
198,"Surly Ice Cream Truck Frameset - 2016","Baldwin Bikes"
204,"Surly Ice Cream Truck Frameset - 2016","Baldwin Bikes"
207,"Heller Shagamaw Frame - 2016","Baldwin Bikes"
208,"Surly Ice Cream Truck Frameset - 2016","Baldwin Bikes"
219,"Heller Shagamaw Frame - 2016","Baldwin Bikes"
220,"Surly Ice Cream Truck Frameset - 2016","Baldwin Bikes"
223,"Heller Shagamaw Frame - 2016","Baldwin Bikes"
224,"Surly Ice Cream Truck Frameset - 2016","Santa Cruz Bikes"
229,"Heller Shagamaw Frame - 2016","Baldwin Bikes"
231,"Heller Shagamaw Frame - 2016","Baldwin Bikes"
235,"Surly Ice Cream Truck Frameset - 2016","Baldwin Bikes"
240,"Heller Shagamaw Frame - 2016","Baldwin Bikes"
254,"Surly Ice Cream Truck Frameset - 2016","Baldwin Bikes"
255,"Heller Shagamaw Frame - 2016","Baldwin Bikes"
259,"Surly Ice Cream Truck Frameset - 2016","Baldwin Bikes"
266,"Surly Ice Cream Truck Frameset - 2016","Baldwin Bikes"
268,"Surly Ice Cream Truck Frameset - 2016","Santa Cruz Bikes"
269,"Heller Shagamaw Frame - 2016","Baldwin Bikes"
271,"Surly Ice Cream Truck Frameset - 2016","Baldwin Bikes"
277,"Surly Ice Cream Truck Frameset - 2016","Baldwin Bikes"
287,"Heller Shagamaw Frame - 2016","Baldwin Bikes"
290,"Heller Shagamaw Frame - 2016","Baldwin Bikes"
291,"Surly Ice Cream Truck Frameset - 2016","Baldwin Bikes"
293,"Surly Ice Cream Truck Frameset - 2016","Baldwin Bikes"
298,"Surly Ice Cream Truck Frameset - 2016","Rowlett Bikes"
301,"Surly Ice Cream Truck Frameset - 2016","Baldwin Bikes"
305,"Surly Ice Cream Truck Frameset - 2016","Baldwin Bikes"
310,"Heller Shagamaw Frame - 2016","Santa Cruz Bikes"
311,"Heller Shagamaw Frame - 2016","Baldwin Bikes"
314,"Heller Shagamaw Frame - 2016","Baldwin Bikes"
325,"Surly Ice Cream Truck Frameset - 2016","Baldwin Bikes"
328,"Surly Ice Cream Truck Frameset - 2016","Baldwin Bikes"
335,"Surly Ice Cream Truck Frameset - 2016","Baldwin Bikes"
338,"Surly Ice Cream Truck Frameset - 2016","Santa Cruz Bikes"
343,"Heller Shagamaw Frame - 2016","Baldwin Bikes"
348,"Heller Shagamaw Frame - 2016","Rowlett Bikes"
350,"Surly Ice Cream Truck Frameset - 2016","Santa Cruz Bikes"
358,"Surly Ice Cream Truck Frameset - 2016","Baldwin Bikes"
361,"Surly Ice Cream Truck Frameset - 2016","Baldwin Bikes"
368,"Heller Shagamaw Frame - 2016","Baldwin Bikes"
372,"Heller Shagamaw Frame - 2016","Baldwin Bikes"
389,"Heller Shagamaw Frame - 2016","Santa Cruz Bikes"
391,"Heller Shagamaw Frame - 2016","Rowlett Bikes"
393,"Surly Ice Cream Truck Frameset - 2016","Baldwin Bikes"
396,"Heller Shagamaw Frame - 2016","Baldwin Bikes"
402,"Surly Ice Cream Truck Frameset - 2016","Baldwin Bikes"
402,"Heller Shagamaw Frame - 2016","Baldwin Bikes"
407,"Heller Shagamaw Frame - 2016","Rowlett Bikes"
415,"Heller Shagamaw Frame - 2016","Baldwin Bikes"
415,"Surly Ice Cream Truck Frameset - 2016","Baldwin Bikes"
417,"Surly Ice Cream Truck Frameset - 2016","Santa Cruz Bikes"
421,"Surly Ice Cream Truck Frameset - 2016","Santa Cruz Bikes"
424,"Surly Ice Cream Truck Frameset - 2016","Santa Cruz Bikes"
425,"Surly Ice Cream Truck Frameset - 2016","Baldwin Bikes"
428,"Heller Shagamaw Frame - 2016","Baldwin Bikes"
429,"Heller Shagamaw Frame - 2016","Rowlett Bikes"
429,"Surly Ice Cream Truck Frameset - 2016","Rowlett Bikes"
431,"Surly Ice Cream Truck Frameset - 2016","Baldwin Bikes"
433,"Surly Ice Cream Truck Frameset - 2016","Baldwin Bikes"
439,"Surly Ice Cream Truck Frameset - 2016","Baldwin Bikes"
442,"Surly Ice Cream Truck Frameset - 2016","Baldwin Bikes"
443,"Heller Shagamaw Frame - 2016","Baldwin Bikes"
448,"Surly Ice Cream Truck Frameset - 2016","Baldwin Bikes"
450,"Heller Shagamaw Frame - 2016","Baldwin Bikes"
465,"Surly Ice Cream Truck Frameset - 2016","Baldwin Bikes"
466,"Surly Ice Cream Truck Frameset - 2016","Baldwin Bikes"
466,"Heller Shagamaw Frame - 2016","Baldwin Bikes"
477,"Surly Ice Cream Truck Frameset - 2016","Santa Cruz Bikes"
484,"Surly Ice Cream Truck Frameset - 2016","Baldwin Bikes"
487,"Surly Ice Cream Truck Frameset - 2016","Baldwin Bikes"
492,"Surly Ice Cream Truck Frameset - 2016","Santa Cruz Bikes"
515,"Surly Ice Cream Truck Frameset - 2016","Baldwin Bikes"
519,"Surly Ice Cream Truck Frameset - 2016","Baldwin Bikes"
525,"Surly Ice Cream Truck Frameset - 2016","Santa Cruz Bikes"
530,"Surly Ice Cream Truck Frameset - 2016","Baldwin Bikes"
531,"Surly Ice Cream Truck Frameset - 2016","Rowlett Bikes"
545,"Surly Ice Cream Truck Frameset - 2016","Rowlett Bikes"
559,"Surly Ice Cream Truck Frameset - 2016","Santa Cruz Bikes"
563,"Surly Ice Cream Truck Frameset - 2016","Baldwin Bikes"
579,"Surly Ice Cream Truck Frameset - 2016","Rowlett Bikes"
606,"Surly Ice Cream Truck Frameset - 2016","Baldwin Bikes"
615,"Surly Ice Cream Truck Frameset - 2016","Rowlett Bikes"
629,"Surly Ice Cream Truck Frameset - 2016","Santa Cruz Bikes"
632,"Surly Ice Cream Truck Frameset - 2016","Baldwin Bikes"
645,"Surly Ice Cream Truck Frameset - 2016","Baldwin Bikes"
653,"Surly Ice Cream Truck Frameset - 2016","Santa Cruz Bikes"
681,"Surly Ice Cream Truck Frameset - 2016","Baldwin Bikes"
708,"Surly Ice Cream Truck Frameset - 2016","Santa Cruz Bikes"
720,"Surly Ice Cream Truck Frameset - 2016","Baldwin Bikes"
769,"Surly Ice Cream Truck Frameset - 2016","Baldwin Bikes"
796,"Surly Ice Cream Truck Frameset - 2016","Rowlett Bikes"
800,"Surly Ice Cream Truck Frameset - 2016","Baldwin Bikes"
805,"Surly Ice Cream Truck Frameset - 2016","Baldwin Bikes"
807,"Surly Ice Cream Truck Frameset - 2016","Baldwin Bikes"
821,"Surly Ice Cream Truck Frameset - 2016","Baldwin Bikes"
853,"Surly Ice Cream Truck Frameset - 2016","Rowlett Bikes"
860,"Surly Ice Cream Truck Frameset - 2016","Baldwin Bikes"
878,"Surly Ice Cream Truck Frameset - 2016","Santa Cruz Bikes"
899,"Surly Ice Cream Truck Frameset - 2016","Baldwin Bikes"
923,"Surly Ice Cream Truck Frameset - 2016","Baldwin Bikes"
935,"Surly Ice Cream Truck Frameset - 2016","Rowlett Bikes"
990,"Surly Ice Cream Truck Frameset - 2016","Baldwin Bikes"
1015,"Surly Ice Cream Truck Frameset - 2016","Baldwin Bikes"
1067,"Surly Ice Cream Truck Frameset - 2016","Baldwin Bikes"
1124,"Surly Ice Cream Truck Frameset - 2016","Rowlett Bikes"
1153,"Surly Ice Cream Truck Frameset - 2016","Baldwin Bikes"
1155,"Surly Ice Cream Truck Frameset - 2016","Baldwin Bikes"
1174,"Surly Ice Cream Truck Frameset - 2016","Baldwin Bikes"
1183,"Surly Ice Cream Truck Frameset - 2016","Baldwin Bikes"
1203,"Surly Ice Cream Truck Frameset - 2016","Baldwin Bikes"
1210,"Surly Ice Cream Truck Frameset - 2016","Rowlett Bikes"
1225,"Surly Ice Cream Truck Frameset - 2016","Santa Cruz Bikes"
1232,"Surly Ice Cream Truck Frameset - 2016","Santa Cruz Bikes"
1250,"Surly Ice Cream Truck Frameset - 2016","Baldwin Bikes"
1283,"Trek Slash 8 27.5 - 2016","Baldwin Bikes"
1285,"Surly Ice Cream Truck Frameset - 2016","Baldwin Bikes"
1370,"Trek Slash 8 27.5 - 2016","Baldwin Bikes"
1397,"Trek Slash 8 27.5 - 2016","Baldwin Bikes"
1441,"Surly Ice Cream Truck Frameset - 2016","Rowlett Bikes"
1460,"Trek Slash 8 27.5 - 2016","Baldwin Bikes"
1539,"Surly Ice Cream Truck Frameset - 2016","Rowlett Bikes"
1601,"Trek Slash 8 27.5 - 2016","Rowlett Bikes"
9,"Trek Slash 8 27.5 - 2016","Santa Cruz Bikes"
18,"Trek Slash 8 27.5 - 2016","Santa Cruz Bikes"
26,"Trek Slash 8 27.5 - 2016","Baldwin Bikes"
28,"Trek Slash 8 27.5 - 2016","Baldwin Bikes"
30,"Trek Slash 8 27.5 - 2016","Baldwin Bikes"
33,"Trek Slash 8 27.5 - 2016","Baldwin Bikes"
38,"Trek Slash 8 27.5 - 2016","Baldwin Bikes"
44,"Trek Slash 8 27.5 - 2016","Baldwin Bikes"
75,"Trek Slash 8 27.5 - 2016","Baldwin Bikes"
88,"Trek Slash 8 27.5 - 2016","Baldwin Bikes"
99,"Trek Slash 8 27.5 - 2016","Rowlett Bikes"
100,"Trek Slash 8 27.5 - 2016","Baldwin Bikes"
124,"Trek Slash 8 27.5 - 2016","Santa Cruz Bikes"
136,"Trek Slash 8 27.5 - 2016","Rowlett Bikes"
150,"Trek Slash 8 27.5 - 2016","Santa Cruz Bikes"
157,"Trek Slash 8 27.5 - 2016","Rowlett Bikes"
161,"Trek Slash 8 27.5 - 2016","Baldwin Bikes"
167,"Trek Slash 8 27.5 - 2016","Baldwin Bikes"
170,"Trek Slash 8 27.5 - 2016","Baldwin Bikes"
188,"Trek Slash 8 27.5 - 2016","Baldwin Bikes"
201,"Trek Slash 8 27.5 - 2016","Rowlett Bikes"
207,"Trek Slash 8 27.5 - 2016","Baldwin Bikes"
212,"Trek Slash 8 27.5 - 2016","Baldwin Bikes"
223,"Trek Slash 8 27.5 - 2016","Baldwin Bikes"
234,"Trek Slash 8 27.5 - 2016","Baldwin Bikes"
235,"Trek Slash 8 27.5 - 2016","Baldwin Bikes"
238,"Trek Slash 8 27.5 - 2016","Baldwin Bikes"
241,"Trek Slash 8 27.5 - 2016","Baldwin Bikes"
243,"Trek Slash 8 27.5 - 2016","Rowlett Bikes"
249,"Trek Slash 8 27.5 - 2016","Baldwin Bikes"
267,"Trek Slash 8 27.5 - 2016","Santa Cruz Bikes"
268,"Trek Slash 8 27.5 - 2016","Santa Cruz Bikes"
271,"Trek Slash 8 27.5 - 2016","Baldwin Bikes"
275,"Trek Slash 8 27.5 - 2016","Baldwin Bikes"
281,"Trek Slash 8 27.5 - 2016","Baldwin Bikes"
282,"Trek Slash 8 27.5 - 2016","Rowlett Bikes"
286,"Trek Slash 8 27.5 - 2016","Baldwin Bikes"
288,"Trek Slash 8 27.5 - 2016","Baldwin Bikes"
294,"Trek Slash 8 27.5 - 2016","Baldwin Bikes"
304,"Trek Slash 8 27.5 - 2016","Baldwin Bikes"
308,"Trek Slash 8 27.5 - 2016","Baldwin Bikes"
310,"Trek Slash 8 27.5 - 2016","Santa Cruz Bikes"
314,"Trek Slash 8 27.5 - 2016","Baldwin Bikes"
325,"Trek Slash 8 27.5 - 2016","Baldwin Bikes"
359,"Trek Slash 8 27.5 - 2016","Baldwin Bikes"
360,"Trek Slash 8 27.5 - 2016","Baldwin Bikes"
373,"Trek Remedy 29 Carbon Frameset - 2016","Baldwin Bikes"
374,"Trek Slash 8 27.5 - 2016","Santa Cruz Bikes"
377,"Trek Remedy 29 Carbon Frameset - 2016","Baldwin Bikes"
382,"Trek Remedy 29 Carbon Frameset - 2016","Baldwin Bikes"
384,"Trek Remedy 29 Carbon Frameset - 2016","Baldwin Bikes"
385,"Trek Slash 8 27.5 - 2016","Baldwin Bikes"
386,"Trek Remedy 29 Carbon Frameset - 2016","Baldwin Bikes"
390,"Trek Slash 8 27.5 - 2016","Rowlett Bikes"
391,"Trek Remedy 29 Carbon Frameset - 2016","Rowlett Bikes"
397,"Trek Slash 8 27.5 - 2016","Baldwin Bikes"
398,"Trek Remedy 29 Carbon Frameset - 2016","Santa Cruz Bikes"
403,"Trek Slash 8 27.5 - 2016","Santa Cruz Bikes"
412,"Trek Slash 8 27.5 - 2016","Santa Cruz Bikes"
413,"Trek Remedy 29 Carbon Frameset - 2016","Baldwin Bikes"
423,"Trek Remedy 29 Carbon Frameset - 2016","Baldwin Bikes"
430,"Trek Remedy 29 Carbon Frameset - 2016","Baldwin Bikes"
432,"Trek Slash 8 27.5 - 2016","Santa Cruz Bikes"
437,"Trek Remedy 29 Carbon Frameset - 2016","Baldwin Bikes"
438,"Trek Remedy 29 Carbon Frameset - 2016","Rowlett Bikes"
439,"Trek Slash 8 27.5 - 2016","Baldwin Bikes"
445,"Trek Slash 8 27.5 - 2016","Baldwin Bikes"
447,"Trek Remedy 29 Carbon Frameset - 2016","Rowlett Bikes"
449,"Trek Slash 8 27.5 - 2016","Baldwin Bikes"
452,"Trek Slash 8 27.5 - 2016","Baldwin Bikes"
452,"Trek Remedy 29 Carbon Frameset - 2016","Baldwin Bikes"
457,"Trek Slash 8 27.5 - 2016","Santa Cruz Bikes"
461,"Trek Remedy 29 Carbon Frameset - 2016","Baldwin Bikes"
464,"Trek Slash 8 27.5 - 2016","Baldwin Bikes"
466,"Trek Slash 8 27.5 - 2016","Baldwin Bikes"
469,"Trek Remedy 29 Carbon Frameset - 2016","Baldwin Bikes"
470,"Trek Remedy 29 Carbon Frameset - 2016","Santa Cruz Bikes"
479,"Trek Slash 8 27.5 - 2016","Baldwin Bikes"
484,"Trek Remedy 29 Carbon Frameset - 2016","Baldwin Bikes"
489,"Trek Remedy 29 Carbon Frameset - 2016","Rowlett Bikes"
501,"Trek Remedy 29 Carbon Frameset - 2016","Baldwin Bikes"
506,"Trek Slash 8 27.5 - 2016","Baldwin Bikes"
508,"Trek Remedy 29 Carbon Frameset - 2016","Baldwin Bikes"
513,"Trek Slash 8 27.5 - 2016","Baldwin Bikes"
515,"Trek Remedy 29 Carbon Frameset - 2016","Baldwin Bikes"
516,"Trek Slash 8 27.5 - 2016","Baldwin Bikes"
519,"Trek Slash 8 27.5 - 2016","Baldwin Bikes"
526,"Trek Remedy 29 Carbon Frameset - 2016","Baldwin Bikes"
546,"Trek Remedy 29 Carbon Frameset - 2016","Baldwin Bikes"
548,"Trek Remedy 29 Carbon Frameset - 2016","Baldwin Bikes"
549,"Trek Slash 8 27.5 - 2016","Rowlett Bikes"
555,"Trek Remedy 29 Carbon Frameset - 2016","Baldwin Bikes"
555,"Trek Slash 8 27.5 - 2016","Baldwin Bikes"
558,"Trek Slash 8 27.5 - 2016","Baldwin Bikes"
559,"Trek Slash 8 27.5 - 2016","Santa Cruz Bikes"
566,"Trek Slash 8 27.5 - 2016","Santa Cruz Bikes"
566,"Trek Remedy 29 Carbon Frameset - 2016","Santa Cruz Bikes"
578,"Trek Remedy 29 Carbon Frameset - 2016","Baldwin Bikes"
579,"Trek Slash 8 27.5 - 2016","Rowlett Bikes"
581,"Trek Remedy 29 Carbon Frameset - 2016","Santa Cruz Bikes"
584,"Trek Remedy 29 Carbon Frameset - 2016","Baldwin Bikes"
590,"Trek Remedy 29 Carbon Frameset - 2016","Baldwin Bikes"
597,"Trek Remedy 29 Carbon Frameset - 2016","Baldwin Bikes"
608,"Trek Slash 8 27.5 - 2016","Santa Cruz Bikes"
609,"Trek Slash 8 27.5 - 2016","Baldwin Bikes"
610,"Trek Remedy 29 Carbon Frameset - 2016","Baldwin Bikes"
623,"Trek Remedy 29 Carbon Frameset - 2016","Baldwin Bikes"
677,"Trek Slash 8 27.5 - 2016","Baldwin Bikes"
680,"Trek Slash 8 27.5 - 2016","Santa Cruz Bikes"
688,"Trek Remedy 29 Carbon Frameset - 2016","Baldwin Bikes"
696,"Trek Slash 8 27.5 - 2016","Baldwin Bikes"
700,"Trek Slash 8 27.5 - 2016","Baldwin Bikes"
753,"Trek Slash 8 27.5 - 2016","Baldwin Bikes"
754,"Trek Slash 8 27.5 - 2016","Santa Cruz Bikes"
769,"Trek Remedy 29 Carbon Frameset - 2016","Baldwin Bikes"
777,"Trek Slash 8 27.5 - 2016","Baldwin Bikes"
779,"Trek Remedy 29 Carbon Frameset - 2016","Baldwin Bikes"
781,"Trek Slash 8 27.5 - 2016","Baldwin Bikes"
869,"Trek Slash 8 27.5 - 2016","Baldwin Bikes"
919,"Trek Slash 8 27.5 - 2016","Baldwin Bikes"
946,"Trek Slash 8 27.5 - 2016","Baldwin Bikes"
971,"Trek Remedy 29 Carbon Frameset - 2016","Rowlett Bikes"
992,"Trek Slash 8 27.5 - 2016","Baldwin Bikes"
1002,"Trek Remedy 29 Carbon Frameset - 2016","Santa Cruz Bikes"
1012,"Trek Remedy 29 Carbon Frameset - 2016","Baldwin Bikes"
1026,"Trek Slash 8 27.5 - 2016","Santa Cruz Bikes"
1034,"Trek Remedy 29 Carbon Frameset - 2016","Baldwin Bikes"
1040,"Trek Remedy 29 Carbon Frameset - 2016","Santa Cruz Bikes"
1052,"Trek Slash 8 27.5 - 2016","Baldwin Bikes"
1059,"Trek Slash 8 27.5 - 2016","Baldwin Bikes"
1060,"Trek Slash 8 27.5 - 2016","Baldwin Bikes"
1124,"Trek Slash 8 27.5 - 2016","Rowlett Bikes"
1139,"Trek Slash 8 27.5 - 2016","Santa Cruz Bikes"
1141,"Trek Remedy 29 Carbon Frameset - 2016","Santa Cruz Bikes"
1164,"Trek Remedy 29 Carbon Frameset - 2016","Baldwin Bikes"
1194,"Trek Slash 8 27.5 - 2016","Santa Cruz Bikes"
1214,"Trek Slash 8 27.5 - 2016","Baldwin Bikes"
1227,"Trek Remedy 29 Carbon Frameset - 2016","Baldwin Bikes"
1235,"Trek Slash 8 27.5 - 2016","Baldwin Bikes"
1251,"Trek Slash 8 27.5 - 2016","Rowlett Bikes"
1260,"Trek Remedy 29 Carbon Frameset - 2016","Baldwin Bikes"
1269,"Trek Slash 8 27.5 - 2016","Baldwin Bikes"
1284,"Trek Remedy 29 Carbon Frameset - 2016","Baldwin Bikes"
1301,"Trek Remedy 29 Carbon Frameset - 2016","Santa Cruz Bikes"
1371,"Trek Remedy 29 Carbon Frameset - 2016","Baldwin Bikes"
1,"Trek Remedy 29 Carbon Frameset - 2016","Santa Cruz Bikes"
6,"Trek Conduit+ - 2016","Baldwin Bikes"
11,"Trek Remedy 29 Carbon Frameset - 2016","Baldwin Bikes"
15,"Trek Remedy 29 Carbon Frameset - 2016","Baldwin Bikes"
16,"Trek Remedy 29 Carbon Frameset - 2016","Santa Cruz Bikes"
17,"Trek Remedy 29 Carbon Frameset - 2016","Santa Cruz Bikes"
18,"Trek Conduit+ - 2016","Santa Cruz Bikes"
19,"Trek Conduit+ - 2016","Santa Cruz Bikes"
20,"Trek Conduit+ - 2016","Santa Cruz Bikes"
27,"Trek Remedy 29 Carbon Frameset - 2016","Baldwin Bikes"
29,"Trek Remedy 29 Carbon Frameset - 2016","Baldwin Bikes"
31,"Trek Conduit+ - 2016","Rowlett Bikes"
32,"Trek Remedy 29 Carbon Frameset - 2016","Santa Cruz Bikes"
34,"Trek Remedy 29 Carbon Frameset - 2016","Baldwin Bikes"
36,"Trek Conduit+ - 2016","Baldwin Bikes"
40,"Trek Remedy 29 Carbon Frameset - 2016","Santa Cruz Bikes"
53,"Trek Remedy 29 Carbon Frameset - 2016","Baldwin Bikes"
62,"Trek Remedy 29 Carbon Frameset - 2016","Santa Cruz Bikes"
79,"Trek Conduit+ - 2016","Santa Cruz Bikes"
86,"Trek Conduit+ - 2016","Baldwin Bikes"
88,"Trek Remedy 29 Carbon Frameset - 2016","Baldwin Bikes"
92,"Trek Remedy 29 Carbon Frameset - 2016","Baldwin Bikes"
95,"Trek Remedy 29 Carbon Frameset - 2016","Baldwin Bikes"
103,"Trek Conduit+ - 2016","Santa Cruz Bikes"
105,"Trek Conduit+ - 2016","Baldwin Bikes"
126,"Trek Conduit+ - 2016","Baldwin Bikes"
129,"Trek Conduit+ - 2016","Baldwin Bikes"
132,"Trek Conduit+ - 2016","Santa Cruz Bikes"
144,"Trek Remedy 29 Carbon Frameset - 2016","Baldwin Bikes"
145,"Trek Conduit+ - 2016","Baldwin Bikes"
153,"Trek Remedy 29 Carbon Frameset - 2016","Baldwin Bikes"
155,"Trek Remedy 29 Carbon Frameset - 2016","Baldwin Bikes"
171,"Trek Remedy 29 Carbon Frameset - 2016","Santa Cruz Bikes"
185,"Trek Remedy 29 Carbon Frameset - 2016","Santa Cruz Bikes"
191,"Trek Remedy 29 Carbon Frameset - 2016","Santa Cruz Bikes"
192,"Trek Remedy 29 Carbon Frameset - 2016","Baldwin Bikes"
198,"Trek Remedy 29 Carbon Frameset - 2016","Baldwin Bikes"
202,"Trek Remedy 29 Carbon Frameset - 2016","Santa Cruz Bikes"
225,"Trek Conduit+ - 2016","Santa Cruz Bikes"
229,"Trek Remedy 29 Carbon Frameset - 2016","Baldwin Bikes"
231,"Trek Remedy 29 Carbon Frameset - 2016","Baldwin Bikes"
232,"Trek Remedy 29 Carbon Frameset - 2016","Santa Cruz Bikes"
240,"Trek Conduit+ - 2016","Baldwin Bikes"
240,"Trek Remedy 29 Carbon Frameset - 2016","Baldwin Bikes"
245,"Trek Remedy 29 Carbon Frameset - 2016","Baldwin Bikes"
248,"Trek Conduit+ - 2016","Baldwin Bikes"
257,"Trek Remedy 29 Carbon Frameset - 2016","Santa Cruz Bikes"
258,"Trek Remedy 29 Carbon Frameset - 2016","Baldwin Bikes"
262,"Trek Conduit+ - 2016","Rowlett Bikes"
263,"Trek Conduit+ - 2016","Baldwin Bikes"
265,"Trek Conduit+ - 2016","Baldwin Bikes"
268,"Trek Conduit+ - 2016","Santa Cruz Bikes"
274,"Trek Conduit+ - 2016","Baldwin Bikes"
276,"Trek Conduit+ - 2016","Baldwin Bikes"
283,"Trek Conduit+ - 2016","Santa Cruz Bikes"
296,"Trek Conduit+ - 2016","Baldwin Bikes"
298,"Trek Conduit+ - 2016","Rowlett Bikes"
300,"Trek Conduit+ - 2016","Baldwin Bikes"
303,"Trek Remedy 29 Carbon Frameset - 2016","Baldwin Bikes"
310,"Trek Remedy 29 Carbon Frameset - 2016","Santa Cruz Bikes"
314,"Trek Conduit+ - 2016","Baldwin Bikes"
315,"Trek Conduit+ - 2016","Baldwin Bikes"
318,"Trek Conduit+ - 2016","Baldwin Bikes"
329,"Trek Remedy 29 Carbon Frameset - 2016","Baldwin Bikes"
333,"Trek Remedy 29 Carbon Frameset - 2016","Baldwin Bikes"
334,"Trek Conduit+ - 2016","Baldwin Bikes"
338,"Trek Conduit+ - 2016","Santa Cruz Bikes"
342,"Trek Conduit+ - 2016","Baldwin Bikes"
357,"Trek Conduit+ - 2016","Rowlett Bikes"
358,"Trek Remedy 29 Carbon Frameset - 2016","Baldwin Bikes"
359,"Trek Conduit+ - 2016","Baldwin Bikes"
379,"Trek Conduit+ - 2016","Baldwin Bikes"
382,"Trek Conduit+ - 2016","Baldwin Bikes"
389,"Trek Conduit+ - 2016","Santa Cruz Bikes"
390,"Trek Conduit+ - 2016","Rowlett Bikes"
400,"Trek Conduit+ - 2016","Baldwin Bikes"
404,"Trek Conduit+ - 2016","Baldwin Bikes"
410,"Trek Conduit+ - 2016","Baldwin Bikes"
413,"Trek Conduit+ - 2016","Baldwin Bikes"
419,"Trek Conduit+ - 2016","Rowlett Bikes"
434,"Trek Conduit+ - 2016","Baldwin Bikes"
435,"Trek Conduit+ - 2016","Rowlett Bikes"
455,"Trek Conduit+ - 2016","Baldwin Bikes"
468,"Trek Conduit+ - 2016","Santa Cruz Bikes"
481,"Trek Conduit+ - 2016","Rowlett Bikes"
484,"Trek Conduit+ - 2016","Baldwin Bikes"
486,"Trek Conduit+ - 2016","Baldwin Bikes"
491,"Trek Conduit+ - 2016","Santa Cruz Bikes"
495,"Trek Conduit+ - 2016","Santa Cruz Bikes"
524,"Trek Conduit+ - 2016","Santa Cruz Bikes"
525,"Trek Conduit+ - 2016","Santa Cruz Bikes"
527,"Trek Conduit+ - 2016","Santa Cruz Bikes"
534,"Trek Conduit+ - 2016","Baldwin Bikes"
539,"Trek Conduit+ - 2016","Baldwin Bikes"
542,"Trek Conduit+ - 2016","Baldwin Bikes"
547,"Trek Conduit+ - 2016","Rowlett Bikes"
557,"Trek Conduit+ - 2016","Baldwin Bikes"
558,"Trek Conduit+ - 2016","Baldwin Bikes"
565,"Trek Conduit+ - 2016","Baldwin Bikes"
567,"Trek Conduit+ - 2016","Santa Cruz Bikes"
571,"Trek Conduit+ - 2016","Santa Cruz Bikes"
576,"Trek Conduit+ - 2016","Santa Cruz Bikes"
580,"Trek Conduit+ - 2016","Santa Cruz Bikes"
596,"Trek Conduit+ - 2016","Santa Cruz Bikes"
599,"Trek Conduit+ - 2016","Baldwin Bikes"
604,"Trek Conduit+ - 2016","Baldwin Bikes"
613,"Trek Conduit+ - 2016","Baldwin Bikes"
622,"Trek Conduit+ - 2016","Baldwin Bikes"
627,"Trek Conduit+ - 2016","Baldwin Bikes"
637,"Trek Conduit+ - 2016","Baldwin Bikes"
644,"Trek Conduit+ - 2016","Baldwin Bikes"
654,"Trek Conduit+ - 2016","Baldwin Bikes"
658,"Trek Conduit+ - 2016","Baldwin Bikes"
749,"Trek Conduit+ - 2016","Baldwin Bikes"
807,"Trek Conduit+ - 2016","Baldwin Bikes"
841,"Trek Conduit+ - 2016","Baldwin Bikes"
892,"Trek Conduit+ - 2016","Baldwin Bikes"
949,"Trek Conduit+ - 2016","Santa Cruz Bikes"
980,"Trek Conduit+ - 2016","Rowlett Bikes"
991,"Trek Conduit+ - 2016","Santa Cruz Bikes"
1028,"Surly Straggler - 2016","Baldwin Bikes"
1030,"Surly Straggler - 2016","Baldwin Bikes"
1038,"Trek Conduit+ - 2016","Baldwin Bikes"
1049,"Trek Conduit+ - 2016","Santa Cruz Bikes"
1049,"Surly Straggler - 2016","Santa Cruz Bikes"
1067,"Trek Conduit+ - 2016","Baldwin Bikes"
1078,"Surly Straggler - 2016","Baldwin Bikes"
1086,"Surly Straggler - 2016","Baldwin Bikes"
1100,"Trek Conduit+ - 2016","Baldwin Bikes"
1112,"Trek Conduit+ - 2016","Baldwin Bikes"
1122,"Trek Conduit+ - 2016","Baldwin Bikes"
1128,"Surly Straggler - 2016","Baldwin Bikes"
1132,"Surly Straggler - 2016","Baldwin Bikes"
1160,"Trek Conduit+ - 2016","Santa Cruz Bikes"
1171,"Surly Straggler - 2016","Baldwin Bikes"
1175,"Trek Conduit+ - 2016","Baldwin Bikes"
1197,"Trek Conduit+ - 2016","Baldwin Bikes"
1214,"Trek Conduit+ - 2016","Baldwin Bikes"
1215,"Surly Straggler - 2016","Baldwin Bikes"
1242,"Surly Straggler - 2016","Baldwin Bikes"
1277,"Trek Conduit+ - 2016","Baldwin Bikes"
1279,"Trek Conduit+ - 2016","Baldwin Bikes"
1305,"Trek Conduit+ - 2016","Baldwin Bikes"
1306,"Trek Conduit+ - 2016","Baldwin Bikes"
1411,"Trek Conduit+ - 2016","Santa Cruz Bikes"
1573,"Trek Conduit+ - 2016","Santa Cruz Bikes"
1592,"Trek Conduit+ - 2016","Baldwin Bikes"
1601,"Surly Straggler - 2016","Rowlett Bikes"
1,"Surly Straggler - 2016","Santa Cruz Bikes"
5,"Surly Straggler - 2016","Baldwin Bikes"
19,"Surly Straggler - 2016","Santa Cruz Bikes"
20,"Surly Straggler - 2016","Santa Cruz Bikes"
21,"Surly Straggler - 2016","Baldwin Bikes"
25,"Surly Straggler - 2016","Baldwin Bikes"
34,"Surly Straggler - 2016","Baldwin Bikes"
38,"Surly Straggler - 2016","Baldwin Bikes"
69,"Surly Straggler - 2016","Baldwin Bikes"
81,"Surly Straggler - 2016","Baldwin Bikes"
88,"Surly Straggler - 2016","Baldwin Bikes"
93,"Surly Straggler - 2016","Santa Cruz Bikes"
95,"Surly Straggler - 2016","Baldwin Bikes"
100,"Surly Straggler 650b - 2016","Baldwin Bikes"
105,"Surly Straggler 650b - 2016","Baldwin Bikes"
108,"Surly Straggler 650b - 2016","Baldwin Bikes"
120,"Surly Straggler - 2016","Baldwin Bikes"
142,"Surly Straggler 650b - 2016","Santa Cruz Bikes"
145,"Surly Straggler 650b - 2016","Baldwin Bikes"
160,"Surly Straggler 650b - 2016","Baldwin Bikes"
164,"Surly Straggler - 2016","Baldwin Bikes"
166,"Surly Straggler - 2016","Baldwin Bikes"
166,"Surly Straggler 650b - 2016","Baldwin Bikes"
167,"Surly Straggler - 2016","Baldwin Bikes"
168,"Surly Straggler 650b - 2016","Santa Cruz Bikes"
169,"Surly Straggler - 2016","Baldwin Bikes"
169,"Surly Straggler 650b - 2016","Baldwin Bikes"
176,"Surly Straggler 650b - 2016","Baldwin Bikes"
178,"Surly Straggler - 2016","Baldwin Bikes"
181,"Surly Straggler - 2016","Santa Cruz Bikes"
181,"Surly Straggler 650b - 2016","Santa Cruz Bikes"
183,"Surly Straggler 650b - 2016","Baldwin Bikes"
192,"Surly Straggler - 2016","Baldwin Bikes"
196,"Surly Straggler - 2016","Baldwin Bikes"
207,"Surly Straggler 650b - 2016","Baldwin Bikes"
208,"Surly Straggler - 2016","Baldwin Bikes"
211,"Surly Straggler - 2016","Baldwin Bikes"
217,"Surly Straggler - 2016","Baldwin Bikes"
221,"Surly Straggler 650b - 2016","Santa Cruz Bikes"
222,"Surly Straggler - 2016","Baldwin Bikes"
224,"Surly Straggler 650b - 2016","Santa Cruz Bikes"
224,"Surly Straggler - 2016","Santa Cruz Bikes"
230,"Surly Straggler 650b - 2016","Baldwin Bikes"
232,"Surly Straggler 650b - 2016","Santa Cruz Bikes"
234,"Surly Straggler 650b - 2016","Baldwin Bikes"
245,"Surly Straggler - 2016","Baldwin Bikes"
250,"Surly Straggler 650b - 2016","Baldwin Bikes"
252,"Surly Straggler 650b - 2016","Rowlett Bikes"
253,"Surly Straggler 650b - 2016","Baldwin Bikes"
256,"Surly Straggler 650b - 2016","Baldwin Bikes"
257,"Surly Straggler - 2016","Santa Cruz Bikes"
260,"Surly Straggler - 2016","Baldwin Bikes"
264,"Surly Straggler - 2016","Santa Cruz Bikes"
271,"Surly Straggler 650b - 2016","Baldwin Bikes"
272,"Surly Straggler 650b - 2016","Baldwin Bikes"
274,"Surly Straggler 650b - 2016","Baldwin Bikes"
278,"Surly Straggler 650b - 2016","Santa Cruz Bikes"
287,"Surly Straggler - 2016","Baldwin Bikes"
288,"Surly Straggler - 2016","Baldwin Bikes"
292,"Surly Straggler - 2016","Rowlett Bikes"
296,"Surly Straggler 650b - 2016","Baldwin Bikes"
299,"Surly Straggler 650b - 2016","Baldwin Bikes"
299,"Surly Straggler - 2016","Baldwin Bikes"
300,"Surly Straggler - 2016","Baldwin Bikes"
300,"Surly Straggler 650b - 2016","Baldwin Bikes"
304,"Surly Straggler - 2016","Baldwin Bikes"
305,"Surly Straggler - 2016","Baldwin Bikes"
306,"Surly Straggler - 2016","Baldwin Bikes"
313,"Surly Straggler - 2016","Rowlett Bikes"
315,"Surly Straggler 650b - 2016","Baldwin Bikes"
317,"Surly Straggler - 2016","Baldwin Bikes"
319,"Surly Straggler 650b - 2016","Baldwin Bikes"
338,"Surly Straggler - 2016","Santa Cruz Bikes"
338,"Surly Straggler 650b - 2016","Santa Cruz Bikes"
340,"Surly Straggler 650b - 2016","Baldwin Bikes"
340,"Surly Straggler - 2016","Baldwin Bikes"
343,"Surly Straggler - 2016","Baldwin Bikes"
352,"Surly Straggler 650b - 2016","Baldwin Bikes"
361,"Surly Straggler 650b - 2016","Baldwin Bikes"
367,"Surly Straggler - 2016","Baldwin Bikes"
368,"Surly Straggler - 2016","Baldwin Bikes"
369,"Surly Straggler - 2016","Santa Cruz Bikes"
372,"Surly Straggler 650b - 2016","Baldwin Bikes"
374,"Surly Straggler - 2016","Santa Cruz Bikes"
380,"Surly Straggler 650b - 2016","Baldwin Bikes"
388,"Surly Straggler 650b - 2016","Rowlett Bikes"
389,"Surly Straggler - 2016","Santa Cruz Bikes"
399,"Surly Straggler 650b - 2016","Baldwin Bikes"
401,"Surly Straggler - 2016","Baldwin Bikes"
405,"Surly Straggler - 2016","Baldwin Bikes"
426,"Surly Straggler - 2016","Baldwin Bikes"
429,"Surly Straggler 650b - 2016","Rowlett Bikes"
430,"Surly Straggler 650b - 2016","Baldwin Bikes"
432,"Surly Straggler - 2016","Santa Cruz Bikes"
433,"Surly Straggler - 2016","Baldwin Bikes"
434,"Surly Straggler 650b - 2016","Baldwin Bikes"
437,"Surly Straggler - 2016","Baldwin Bikes"
444,"Surly Straggler - 2016","Santa Cruz Bikes"
452,"Surly Straggler 650b - 2016","Baldwin Bikes"
458,"Surly Straggler 650b - 2016","Baldwin Bikes"
459,"Surly Straggler 650b - 2016","Baldwin Bikes"
467,"Surly Straggler - 2016","Rowlett Bikes"
467,"Surly Straggler 650b - 2016","Rowlett Bikes"
468,"Surly Straggler - 2016","Santa Cruz Bikes"
474,"Surly Straggler 650b - 2016","Santa Cruz Bikes"
476,"Surly Straggler 650b - 2016","Baldwin Bikes"
477,"Surly Straggler - 2016","Santa Cruz Bikes"
479,"Surly Straggler - 2016","Baldwin Bikes"
498,"Surly Straggler - 2016","Baldwin Bikes"
499,"Surly Straggler 650b - 2016","Santa Cruz Bikes"
503,"Surly Straggler - 2016","Baldwin Bikes"
507,"Surly Straggler 650b - 2016","Santa Cruz Bikes"
508,"Surly Straggler - 2016","Baldwin Bikes"
518,"Surly Straggler 650b - 2016","Santa Cruz Bikes"
520,"Surly Straggler - 2016","Baldwin Bikes"
524,"Surly Straggler 650b - 2016","Santa Cruz Bikes"
525,"Surly Straggler - 2016","Santa Cruz Bikes"
533,"Surly Straggler - 2016","Baldwin Bikes"
537,"Surly Straggler - 2016","Santa Cruz Bikes"
547,"Surly Straggler 650b - 2016","Rowlett Bikes"
548,"Surly Straggler 650b - 2016","Baldwin Bikes"
551,"Surly Straggler 650b - 2016","Baldwin Bikes"
557,"Surly Straggler - 2016","Baldwin Bikes"
558,"Surly Straggler - 2016","Baldwin Bikes"
568,"Surly Straggler - 2016","Santa Cruz Bikes"
570,"Surly Straggler 650b - 2016","Baldwin Bikes"
572,"Surly Straggler 650b - 2016","Baldwin Bikes"
574,"Surly Straggler 650b - 2016","Baldwin Bikes"
582,"Surly Straggler - 2016","Santa Cruz Bikes"
585,"Surly Straggler - 2016","Baldwin Bikes"
586,"Surly Straggler 650b - 2016","Baldwin Bikes"
588,"Surly Straggler - 2016","Baldwin Bikes"
595,"Surly Straggler - 2016","Santa Cruz Bikes"
599,"Surly Straggler - 2016","Baldwin Bikes"
604,"Surly Straggler - 2016","Baldwin Bikes"
605,"Surly Straggler 650b - 2016","Baldwin Bikes"
607,"Surly Straggler 650b - 2016","Baldwin Bikes"
609,"Surly Straggler - 2016","Baldwin Bikes"
615,"Surly Straggler 650b - 2016","Rowlett Bikes"
617,"Surly Straggler 650b - 2016","Baldwin Bikes"
618,"Surly Straggler 650b - 2016","Baldwin Bikes"
622,"Surly Straggler - 2016","Baldwin Bikes"
625,"Surly Straggler 650b - 2016","Santa Cruz Bikes"
632,"Surly Straggler 650b - 2016","Baldwin Bikes"
633,"Surly Straggler - 2016","Rowlett Bikes"
649,"Surly Straggler 650b - 2016","Santa Cruz Bikes"
690,"Surly Straggler 650b - 2016","Santa Cruz Bikes"
704,"Surly Straggler - 2016","Baldwin Bikes"
707,"Surly Straggler 650b - 2016","Baldwin Bikes"
735,"Surly Straggler - 2016","Rowlett Bikes"
740,"Surly Straggler 650b - 2016","Baldwin Bikes"
770,"Surly Straggler 650b - 2016","Rowlett Bikes"
797,"Surly Straggler 650b - 2016","Baldwin Bikes"
831,"Surly Straggler 650b - 2016","Baldwin Bikes"
838,"Surly Straggler - 2016","Baldwin Bikes"
841,"Surly Straggler 650b - 2016","Baldwin Bikes"
884,"Surly Straggler - 2016","Baldwin Bikes"
896,"Surly Straggler - 2016","Rowlett Bikes"
941,"Surly Straggler 650b - 2016","Santa Cruz Bikes"
968,"Surly Straggler - 2016","Baldwin Bikes"
993,"Surly Straggler - 2016","Santa Cruz Bikes"
1007,"Surly Straggler 650b - 2016","Baldwin Bikes"
1034,"Surly Straggler 650b - 2016","Baldwin Bikes"
1060,"Surly Straggler 650b - 2016","Baldwin Bikes"
1094,"Surly Straggler 650b - 2016","Baldwin Bikes"
1096,"Surly Straggler 650b - 2016","Santa Cruz Bikes"
1116,"Surly Straggler 650b - 2016","Baldwin Bikes"
1121,"Surly Straggler 650b - 2016","Baldwin Bikes"
1146,"Surly Straggler 650b - 2016","Baldwin Bikes"
1226,"Surly Straggler 650b - 2016","Baldwin Bikes"
1277,"Surly Straggler 650b - 2016","Baldwin Bikes"
1283,"Surly Straggler 650b - 2016","Baldwin Bikes"
1305,"Surly Straggler 650b - 2016","Baldwin Bikes"
1310,"Surly Straggler 650b - 2016","Santa Cruz Bikes"
1321,"Surly Straggler 650b - 2016","Santa Cruz Bikes"
1507,"Surly Straggler 650b - 2016","Baldwin Bikes"
6,"Electra Townie Original 21D - 2016","Baldwin Bikes"
12,"Surly Straggler 650b - 2016","Santa Cruz Bikes"
15,"Electra Townie Original 21D - 2016","Baldwin Bikes"
26,"Electra Townie Original 21D - 2016","Baldwin Bikes"
31,"Surly Straggler 650b - 2016","Rowlett Bikes"
32,"Electra Townie Original 21D - 2016","Santa Cruz Bikes"
43,"Electra Townie Original 21D - 2016","Baldwin Bikes"
48,"Surly Straggler 650b - 2016","Baldwin Bikes"
65,"Electra Townie Original 21D - 2016","Baldwin Bikes"
66,"Electra Townie Original 21D - 2016","Baldwin Bikes"
67,"Electra Townie Original 21D - 2016","Rowlett Bikes"
72,"Electra Townie Original 21D - 2016","Santa Cruz Bikes"
76,"Electra Townie Original 21D - 2016","Baldwin Bikes"
76,"Surly Straggler 650b - 2016","Baldwin Bikes"
82,"Surly Straggler 650b - 2016","Baldwin Bikes"
91,"Surly Straggler 650b - 2016","Santa Cruz Bikes"
94,"Electra Townie Original 21D - 2016","Santa Cruz Bikes"
94,"Surly Straggler 650b - 2016","Santa Cruz Bikes"
100,"Electra Townie Original 21D - 2016","Baldwin Bikes"
101,"Electra Townie Original 21D - 2016","Rowlett Bikes"
111,"Electra Townie Original 21D - 2016","Baldwin Bikes"
113,"Electra Townie Original 21D - 2016","Baldwin Bikes"
114,"Electra Townie Original 21D - 2016","Baldwin Bikes"
123,"Electra Townie Original 21D - 2016","Baldwin Bikes"
140,"Electra Townie Original 21D - 2016","Baldwin Bikes"
146,"Electra Townie Original 21D - 2016","Santa Cruz Bikes"
149,"Electra Townie Original 21D - 2016","Baldwin Bikes"
154,"Electra Townie Original 21D - 2016","Santa Cruz Bikes"
163,"Electra Townie Original 21D - 2016","Baldwin Bikes"
167,"Electra Townie Original 21D - 2016","Baldwin Bikes"
168,"Electra Townie Original 21D - 2016","Santa Cruz Bikes"
170,"Electra Townie Original 21D - 2016","Baldwin Bikes"
178,"Electra Townie Original 21D - 2016","Baldwin Bikes"
179,"Electra Townie Original 21D - 2016","Baldwin Bikes"
183,"Electra Townie Original 21D - 2016","Baldwin Bikes"
191,"Electra Townie Original 21D - 2016","Santa Cruz Bikes"
193,"Electra Townie Original 21D - 2016","Santa Cruz Bikes"
196,"Electra Townie Original 21D - 2016","Baldwin Bikes"
207,"Electra Townie Original 21D - 2016","Baldwin Bikes"
208,"Electra Townie Original 21D - 2016","Baldwin Bikes"
212,"Electra Townie Original 21D - 2016","Baldwin Bikes"
215,"Electra Townie Original 21D - 2016","Baldwin Bikes"
218,"Electra Townie Original 21D - 2016","Baldwin Bikes"
233,"Electra Townie Original 21D - 2016","Baldwin Bikes"
234,"Electra Townie Original 21D - 2016","Baldwin Bikes"
254,"Electra Townie Original 21D - 2016","Baldwin Bikes"
285,"Electra Townie Original 21D - 2016","Santa Cruz Bikes"
296,"Electra Townie Original 21D - 2016","Baldwin Bikes"
309,"Electra Townie Original 21D - 2016","Baldwin Bikes"
321,"Electra Townie Original 21D - 2016","Baldwin Bikes"
324,"Electra Townie Original 21D - 2016","Baldwin Bikes"
325,"Electra Townie Original 21D - 2016","Baldwin Bikes"
326,"Electra Townie Original 21D - 2016","Rowlett Bikes"
327,"Electra Townie Original 21D - 2016","Baldwin Bikes"
336,"Electra Townie Original 21D - 2016","Baldwin Bikes"
340,"Electra Townie Original 21D - 2016","Baldwin Bikes"
371,"Electra Townie Original 21D - 2016","Baldwin Bikes"
373,"Electra Townie Original 21D - 2016","Baldwin Bikes"
375,"Electra Townie Original 21D - 2016","Baldwin Bikes"
396,"Electra Townie Original 21D - 2016","Baldwin Bikes"
403,"Electra Townie Original 21D - 2016","Santa Cruz Bikes"
418,"Electra Townie Original 21D - 2016","Baldwin Bikes"
427,"Electra Townie Original 21D - 2016","Santa Cruz Bikes"
441,"Electra Townie Original 21D - 2016","Santa Cruz Bikes"
450,"Electra Townie Original 21D - 2016","Baldwin Bikes"
